ResponseID,ResponseSet,IPAddress,StartDate,EndDate,RecipientLastName,RecipientFirstName,RecipientEmail,ExternalDataReference,Finished,Status,Score-sum,Score-weightedAvg,Score-weightedStdDev,mTurkCode,consent,gender,age,educat,andr_os,andr_ver,andr_root,mobile_len,fact_1,fact_2,fact_3,fact_4,fact_5,fact_6,fact_7,fact_8,fact_10,fact_9,fact_9_TEXT,fact_det1,fact_det2,fact_det3,fact_det4,fact_det5,fact_det6,fact_det7,fact_det8,fact_det9,behav_1,behav_2,behav_3,behav_4,behav_5,behav_7,behav_8,behav_9,behav_10,behav_11,behav_12,behav_13,behav_14,root_sec,popular,flash_q,flash_l_1,flash_l_2,flash_l_3,flash_l_4,flash_l_5,flash_u_1,flash_u_2,flash_u_3,flash_u_4,cab_q,cab_l_1,cab_l_2,cab_l_3,cab_l_4,cab_l_5,cab_u_1,cab_u_2,cab_u_3,cab_u_4,play_q,play_l_1,play_l_2,play_l_3,play_l_4,play_u_1,play_u_2,play_u_3,play_u_4,play_u_5,play_u_6,comm_q,comm_l_1,comm_l_2,comm_l_3,comm_l_4,comm_l_5,comm_l_6,com_u_1,com_u_2,com_u_3,com_u_4,com_u_5,soc_q,soc_l_1,soc_l_2,soc_l_3,soc_l_4,soc_l_5,soc_u_1,soc_u_2,soc_u_3,soc_u_4,soc_u_5,muipc_1,muipc_2,muipc_3,muipc_4,muipc_5,muipc_6,muipc_7,muipc_8,muipc_9,noq,ret,p_model1,p_model2,comments
ResponseID,ResponseSet,IPAddress,StartDate,EndDate,RecipientLastName,RecipientFirstName,RecipientEmail,ExternalDataReference,Finished,Status,Score-sum,Score-weightedAvg,Score-weightedStdDev,mTurkCode,What are some general things you should know about research studies? You are being asked to take...,What is your gender?,How old are you?,What is the highest level of education you have completed?,Do you use a mobile device running on an Android operating system?,What version of Android are you running? ,Are you running a rooted version of Android?,How long have you been using a mobile device?,Select 1-3 factors that you consider most while installing apps.-3rd party reviews,Select 1-3 factors that you consider most while installing apps.-Number of downloads,Select 1-3 factors that you consider most while installing apps.-Company reputation,Select 1-3 factors that you consider most while installing apps.-App descriptions,Select 1-3 factors that you consider most while installing apps.-Play Store ratings (i.e. stars received),Select 1-3 factors that you consider most while installing apps.-Permission requests,Select 1-3 factors that you consider most while installing apps.-Popularity among peers,Select 1-3 factors that you consider most while installing apps.-Number of user ratings,Select 1-3 factors that you consider most while installing apps.-Friends' suggestions,Select 1-3 factors that you consider most while installing apps.-Other,Select 1-3 factors that you consider most while installing apps.-Other,I sometimes install and use an app reluctantly because everyone around me seems to be using it.,I believe that different apps with similar functions request the same permissions.,I believe that apps developed and distributed by large and well-known companies are trustworthy.,"If an app requests one or more permissions that seem unrelated to the major function of that app,...","Before updating an app that is already installed on my mobile device, I consider any additional p...","When updating an app that is already installed on my mobile device, I am likely to accept any add...",I start to have doubts about an app's quality and reliability when its rating is below which of t...,"If an app is developed by a well-known company, I believe that my data (as related to that app) i...","If an app is developed by a lesser known company, I believe that my data (as related to that app)...",Please select all of the behaviors that you think can be performed by an app.-Record audio,Please select all of the behaviors that you think can be performed by an app.-Read text messages,Please select all of the behaviors that you think can be performed by an app.-Read data from other apps,Please select all of the behaviors that you think can be performed by an app.-Subscribe you to premium SMS services,Please select all of the behaviors that you think can be performed by an app.-Prevent calls from being placed/received,Please select all of the behaviors that you think can be performed by an app.-Send spam/phishing emails to all of your contacts,Please select all of the behaviors that you think can be performed by an app.-Determine whether you are at home,Please select all of the behaviors that you think can be performed by an app.-Create contacts,Please select all of the behaviors that you think can be performed by an app.-Add and remove events from your calendar,Please select all of the behaviors that you think can be performed by an app.-Fill up your storage,Please select all of the behaviors that you think can be performed by an app.-Prevent you from installing and uninstalling apps,Please select all of the behaviors that you think can be performed by an app.-Make your bed,Please select all of the behaviors that you think can be performed by an app.-Decrease time between charges,I believe that rooted devices are as secure as unrooted devices.,"When an app with excessive permissions is very popular, I believe that:",You are in a situation where you need to install a flashlight app on your smartphone. You find on...,Imagine again that you need to install a flashlight app on your smartphone. You find one such app...-Flashy's description says that it uses your location data to show ads which are targeted towards people in your area.,"Imagine again that you need to install a flashlight app on your smartphone. You find one such app...-When looking at other flashlight apps, a majority only request permissions for the camera.",Imagine again that you need to install a flashlight app on your smartphone. You find one such app...-There are 1 million user ratings of Flashy; the average rating is 2 stars.,Imagine again that you need to install a flashlight app on your smartphone. You find one such app...-Please select the third option for this question.,Imagine again that you need to install a flashlight app on your smartphone. You find one such app...-You are aware that Android has a flashlight access permission separate from the camera access permission.,Imagine again that you need to install a flashlight app on your smartphone. You find one such app...-There are 1 million user ratings of Flashy; the average rating is 4.5 stars.,Imagine again that you need to install a flashlight app on your smartphone. You find one such app...-Many of your friends use Flashy and rave about its features.,Imagine again that you need to install a flashlight app on your smartphone. You find one such app...-Flashy tells you in its description that it only uses your location data to show ads which are targeted towards people in your area.,"Imagine again that you need to install a flashlight app on your smartphone. You find one such app...-When looking at other flashlight apps, a majority request similar permissions as Flashy.",You are in a situation where you need to install a cab sharing app on your smartphone. You find o...,Imagine again that you need to install a cab sharing app on your smartphone. You find one such ap...-Cabbie uses the contact list on your phone to randomly select some people for the promotion of their app deals.,"Imagine again that you need to install a cab sharing app on your smartphone. You find one such ap...-You have heard about another cab sharing app that will only ask for permission to access your location, but you will have to search for the app in order to find it and compare it against Cabbie.",Imagine again that you need to install a cab sharing app on your smartphone. You find one such ap...-Most of your friends use different cab sharing apps.,Imagine again that you need to install a cab sharing app on your smartphone. You find one such ap...-You did a search for cab sharing apps on the Play Store and Cabbie was not present on the first page of search results.,"Imagine again that you need to install a cab sharing app on your smartphone. You find one such ap...-Cabbie requests access to more permissions (access to media, external storage, device info).",Imagine again that you need to install a cab sharing app on your smartphone. You find one such ap...-Cabbie was suggested to you by a good friend of yours who has been using it for some time.,Imagine again that you need to install a cab sharing app on your smartphone. You find one such ap...-Cabbie only uses the SMS permission to automate the process of user profile validation by sending a SMS to your mobile number and detecting it on your device.,Imagine again that you need to install a cab sharing app on your smartphone. You find one such ap...-Cabbie gives you your first three rides free when booking via the app.,Imagine again that you need to install a cab sharing app on your smartphone. You find one such ap...-Cabbie has been praised on the internet by many users and blogs for having really cool features.,You are in a situation where you need to install a game app on your smartphone. You find an inter...,Imagine again that you need to install a game app on your smartphone. You find an interesting gam...-The game requires you to login via Facebook and requests permissions to share your scores and compete with your Facebook friends.,"Imagine again that you need to install a game app on your smartphone. You find an interesting gam...-PlayMeNow is not developed or owned by a well known company, but by a developer with a few other moderately popular games.",Imagine again that you need to install a game app on your smartphone. You find an interesting gam...-You had heard someone mention that the game app shares the location data with a famous food delivery website which in turn uses that data to customize ads and deals.,"Imagine again that you need to install a game app on your smartphone. You find an interesting gam...-You have decided to install PlayMeNow before looking at the app permissions, but when clicking the Install button, it requests many more permissions than previously mentioned.","Imagine again that you need to install a game app on your smartphone. You find one such app named...-Based on its description, you can really see yourself getting hooked to PlayMeNow.","Imagine again that you need to install a game app on your smartphone. You find one such app named...-You were thinking about installing the app for a short amount of time (e.g., just while you are waiting for a flight at an airport) and plan to uninstall it after this short period is over.",Imagine again that you need to install a game app on your smartphone. You find one such app named...-PlayMeNow is developed and owned by a major and familiar technology company.,Imagine again that you need to install a game app on your smartphone. You find one such app named...-PlayMeNow's app description says that the location data collected is only shared with a famous food delivery website which uses the data to customize ads and deals.,"Imagine again that you need to install a game app on your smartphone. You find one such app named...-PlayMeNow requires you to log into Facebook in order to share scores and compete with your friends, but it also gives you full control over any sharing of scores or posting anything to Facebook.","Imagine again that you need to install a game app on your smartphone. You find one such app named...-You are really bored and have nothing else to do (e.g., waiting for a flight at an airport). You have been browsing the Play Store and have already rejected 5 other apps. Then you find PlayMeNow.",You are in a situation where you need to install a smartphone app that enables you to communicate...,"Imagine again that you need to install a smartphone app that enables you to communicate with othe...-You have not heard much about CommApp, but it was one of the first search results to show up in the Play Store.","Imagine again that you need to install a smartphone app that enables you to communicate with othe...-Not many of your friends use CommApp, but you have heard it praised many times by 3rd party reviews online.",Imagine again that you need to install a smartphone app that enables you to communicate with othe...-You read an article stating that people should avoid using CommApp for sending sensitive and/or private data to others.,Imagine again that you need to install a smartphone app that enables you to communicate with othe...-CommApp mentions that all files transmitted through the app will have to be retained for a short period of time on a secure server belonging to the app's developer.,Imagine again that you need to install a smartphone app that enables you to communicate with othe...-CommApp has been downloaded more than 10 million times.,Imagine again that you need to install a smartphone app that enables you to communicate with othe...-CommApp's description mentions nothing about video chat functionality.,Imagine again that you need to install a smartphone app that enables you to communicate with othe...-You are traveling to different countries on a vacation and most of your friends and family back home use CommApp.,Imagine again that you need to install a smartphone app that enables you to communicate with othe...-CommApp's description explicitly mentions that all permissions are needed for the app's core functionality and that the app does not collect any additional and unnecessary information.,"Imagine again that you need to install a smartphone app that enables you to communicate with othe...-Based on reviews, CommApp should perform better than the communications app you had to recently uninstall. This old app had similar permissions but was not functioning properly.","Imagine again that you need to install a smartphone app that enables you to communicate with othe...-You need to install an app for a necessary, imminent, and time-critical communication. CommApp is one of the first apps that comes to mind because you heard about it last week.",Imagine again that you need to install a smartphone app that enables you to communicate with othe...-CommApp's description specifically mentions great video chat features.,You are in a situation where you need to install a social networking app on your smartphone. You ...,"Imagine again that you need to install a social networking app on your smartphone. You find one s...-You are aware that many of these permissions requested are unnecessary.  Instead of directly requesting the permissions, apps can use other mechanisms to upload files, take pictures, and record sound.",Imagine again that you need to install a social networking app on your smartphone. You find one s...-eSocializer is very popular with various advertisers who use it to target audiences based on their interests and/or locations.,Imagine again that you need to install a social networking app on your smartphone. You find one s...-You have a different popular social networking app on your phone which requests similar permissions.,Imagine again that you need to install a social networking app on your smartphone. You find one s...-Reviews of eSocializer frequently highlight its good privacy settings but caution that they are complex and difficult to properly implement.,"Imagine again that you need to install a social networking app on your smartphone. You find one s...-You have been invited by a friend to use eSocializer, an invite-only platform which assures you that potential future employers cannot access any of your information.",Imagine again that you need to install a social networking app on your smartphone. You find one s...-You do not have any social networking apps installed on your mobile device and eSocializer is very popular.,Imagine again that you need to install a social networking app on your smartphone. You find one s...-eSocializer is used by many people around you who seem to be well connected and informed as a result.,Imagine again that you need to install a social networking app on your smartphone. You find one s...-eSocializer describes why each requested permission is needed and how data collected from the phone is used.,Imagine again that you need to install a social networking app on your smartphone. You find one s...-Big companies in your professional domain look at the user profiles on eSocializer during the hiring process.,Imagine again that you need to install a social networking app on your smartphone. You find one s...-Your best friend uses eSocializer as his or her primary social networking app.,Please answer the next questions as related to your mobile device and apps.-I believe that the location of my mobile device is monitored at least part of the time.,Please answer the next questions as related to your mobile device and apps.-I am concerned that mobile apps are collecting too much information about me.,Please answer the next questions as related to your mobile device and apps.-I am concerned that mobile apps may monitor my activities on my mobile device.,"Please answer the next questions as related to your mobile device and apps.-I feel that as a result of my using mobile apps, others know about me more than I am comfortable with.","Please answer the next questions as related to your mobile device and apps.-I believe that as a result of my using mobile apps, information about me that I consider private is now more readily available to others than I would want.","Please answer the next questions as related to your mobile device and apps.-I feel that as a result of my using mobile apps, information about me is out there that, if used, will invade my privacy.",Please answer the next questions as related to your mobile device and apps.-I am concerned that mobile apps may use my personal information for other purposes without notifying me or getting my authorization.,"Please answer the next questions as related to your mobile device and apps.-When I give personal information to mobile apps, I am concerned that apps may use my information for other purposes.",Please answer the next questions as related to your mobile device and apps.-I am concerned that mobile apps may share my personal information with other entities without getting my authorization.,"Since you are already using Android 6.0, please answer the next three questions related to your c...",The next two questions relate to a change in the way app permissions work in Android 6.0 Marshmal...,Would you install and use apps under this new permissions model that you would not have installed...,Would you critically consider whether each permission requested was necessary for the app's funct...,Do you have any other comments or would you like to share any other considerations related to you...
{'ImportId': 'responseId'},{'ImportId': 'responseSetId'},{'ImportId': 'ipAddress'},{'ImportId': 'startDate'},{'ImportId': 'endDate'},{'ImportId': 'panel-RecipientLastName'},{'ImportId': 'panel-RecipientFirstName'},{'ImportId': 'panel-RecipientEmail'},{'ImportId': 'panel-ExternalDataReference'},{'ImportId': 'finished'},{'ImportId': 'status'},{'ImportId': 'SC_8vsy7yHqvEgjrV3-sum'},{'ImportId': 'SC_8vsy7yHqvEgjrV3-weightedAvg'},{'ImportId': 'SC_8vsy7yHqvEgjrV3-weightedStdDev'},{'ImportId': 'embeddedData-mTurkCode'},{'ImportId': 'QID58'},{'ImportId': 'QID3'},{'ImportId': 'QID4'},{'ImportId': 'QID5'},{'ImportId': 'QID6'},{'ImportId': 'QID7'},{'ImportId': 'QID8'},{'ImportId': 'QID66'},{'ImportId': 'QID9-1'},{'ImportId': 'QID9-2'},{'ImportId': 'QID9-3'},{'ImportId': 'QID9-4'},{'ImportId': 'QID9-5'},{'ImportId': 'QID9-6'},{'ImportId': 'QID9-7'},{'ImportId': 'QID9-8'},{'ImportId': 'QID9-10'},{'ImportId': 'QID9-9'},{'ImportId': 'QID9-9-TEXT'},{'ImportId': 'QID59'},{'ImportId': 'QID60'},{'ImportId': 'QID61'},{'ImportId': 'QID63'},{'ImportId': 'QID64'},{'ImportId': 'QID65'},{'ImportId': 'QID19'},{'ImportId': 'QID31'},{'ImportId': 'QID32'},{'ImportId': 'QID23-1'},{'ImportId': 'QID23-2'},{'ImportId': 'QID23-3'},{'ImportId': 'QID23-4'},{'ImportId': 'QID23-5'},{'ImportId': 'QID23-7'},{'ImportId': 'QID23-8'},{'ImportId': 'QID23-9'},{'ImportId': 'QID23-10'},{'ImportId': 'QID23-11'},{'ImportId': 'QID23-12'},{'ImportId': 'QID23-13'},{'ImportId': 'QID23-14'},{'ImportId': 'QID27'},{'ImportId': 'QID35'},{'ImportId': 'QID42'},{'ImportId': 'QID43-1'},{'ImportId': 'QID43-2'},{'ImportId': 'QID43-3'},{'ImportId': 'QID43-4'},{'ImportId': 'QID43-5'},{'ImportId': 'QID44-1'},{'ImportId': 'QID44-2'},{'ImportId': 'QID44-3'},{'ImportId': 'QID44-4'},{'ImportId': 'QID45'},{'ImportId': 'QID49-1'},{'ImportId': 'QID49-2'},{'ImportId': 'QID49-3'},{'ImportId': 'QID49-4'},{'ImportId': 'QID49-5'},{'ImportId': 'QID50-1'},{'ImportId': 'QID50-2'},{'ImportId': 'QID50-3'},{'ImportId': 'QID50-4'},{'ImportId': 'QID46'},{'ImportId': 'QID51-1'},{'ImportId': 'QID51-2'},{'ImportId': 'QID51-3'},{'ImportId': 'QID51-4'},{'ImportId': 'QID52-1'},{'ImportId': 'QID52-2'},{'ImportId': 'QID52-3'},{'ImportId': 'QID52-4'},{'ImportId': 'QID52-5'},{'ImportId': 'QID52-6'},{'ImportId': 'QID47'},{'ImportId': 'QID53-1'},{'ImportId': 'QID53-2'},{'ImportId': 'QID53-3'},{'ImportId': 'QID53-4'},{'ImportId': 'QID53-5'},{'ImportId': 'QID53-6'},{'ImportId': 'QID54-1'},{'ImportId': 'QID54-2'},{'ImportId': 'QID54-3'},{'ImportId': 'QID54-4'},{'ImportId': 'QID54-5'},{'ImportId': 'QID48'},{'ImportId': 'QID55-1'},{'ImportId': 'QID55-2'},{'ImportId': 'QID55-3'},{'ImportId': 'QID55-4'},{'ImportId': 'QID55-5'},{'ImportId': 'QID56-1'},{'ImportId': 'QID56-2'},{'ImportId': 'QID56-3'},{'ImportId': 'QID56-4'},{'ImportId': 'QID56-5'},{'ImportId': 'QID34-1'},{'ImportId': 'QID34-2'},{'ImportId': 'QID34-3'},{'ImportId': 'QID34-4'},{'ImportId': 'QID34-5'},{'ImportId': 'QID34-6'},{'ImportId': 'QID34-7'},{'ImportId': 'QID34-8'},{'ImportId': 'QID34-9'},{'ImportId': 'QID30'},{'ImportId': 'QID41'},{'ImportId': 'QID39'},{'ImportId': 'QID40'},{'ImportId': 'QID57-TEXT'}
R_YQta9ZClzkzsIeJ,Default Response Set,,2015-11-18 21:16:16,2015-11-18 21:20:58,,,,,1,0,56.0,6.222222222222222,1.986062547968831,26662,1,1,4,5,1,10,2,4,,,,,1,,1,,1,,,2,3,2,1,1,2,3,2,5,,,1,1,,1,,,1,1,1,,,,2,2,,,,,,4,,4,4,2,,,,,,5,,5,5,1,,,,,6,6,5,,,,3,,4,,4,5,,,,,,,2,,,,,,5,,4,,4,6,7,7,7,7,7,7,7,7,,6,2,2,no comments :)
R_21cA2q7qSabyOs0,Default Response Set,,2015-11-18 21:15:43,2015-11-18 21:21:31,,,,,1,0,49.0,5.444444444444445,2.0069324297987157,81746,1,2,4,3,1,10,2,4,1,,,,,1,,,1,,,1,5,4,2,4,1,2,4,4,,,1,,,1,,,1,1,1,,,,4,3,2,,3,3,,,,,,2,,,,,,,4,5,4,2,,,,,,,,5,6,4,1,,,,,,,4,5,,,5,5,,,,,,4,4,,4,,7,6,7,5,5,4,7,7,7,,6,2,1,"I know that chances are these companies are gathering more information than I am comfortable with, thanks to their app permissions, but in the end - everything gathers more info than I am comfortable with. I use Google for my email provider andd my search engine, but they're not great at using personal data, either."
R_308FLCgyJDGjccy,Default Response Set,,2015-11-18 21:15:27,2015-11-18 21:22:13,,,,,1,0,47.0,5.222222222222222,1.092906420717,12732,1,1,4,3,1,9,3,4,1,,1,,,1,,,,,,4,2,2,3,2,2,3,3,3,1,,1,,1,,,1,,,,,,,3,1,,,,,,,5,6,4,2,,,,,,5,4,,5,1,,,,,,5,,,6,5,1,,,,,,,,,5,4,5,2,,,,,,5,5,,6,,6,7,6,4,6,4,5,5,4,,6,2,2,No
R_3hsjIZGFcnYBkPP,Default Response Set,,2015-11-18 21:15:54,2015-11-18 21:22:13,,,,,1,0,45.0,5.0,1.9364916731037085,31084,1,2,4,3,1,12,2,3,,,,1,1,,,1,,,,3,4,3,2,2,2,3,4,4,,1,,,1,,1,,1,1,,,1,,2,4,,3,3,,2,,,,,2,,,,,,,5,4,5,2,,,,,,5,5,,5,,2,,,,,,,4,5,,4,,5,,,,,,,,4,4,4,7,5,5,5,7,4,4,7,7,,6,2,2,
R_dhvX1sYhE6xOzPH,Default Response Set,,2015-11-18 21:15:53,2015-11-18 21:22:43,,,,,1,0,49.0,5.444444444444445,0.5270462766947299,74768,1,2,5,5,1,10,3,1,,,1,1,,1,,,,,,5,3,3,4,2,3,2,3,3,,,,1,,,,,,1,,,,,2,1,,,,,,5,5,5,,1,,,,,,5,5,5,,2,,,,,5,,,6,,5,5,,,,,,,4,4,4,,,5,,,,,,5,,5,6,,6,6,5,5,5,5,5,6,6,,6,2,1,"Not really, no. I'm generally pretty cautious about which apps I install."
R_vHO1pOROb0e2mCR,Default Response Set,,2015-11-18 21:17:28,2015-11-18 21:23:46,,,,,1,0,36.0,4.0,1.4142135623730951,21289,1,1,5,5,1,8,3,3,,,,,1,,,1,1,,,2,1,3,4,2,4,1,2,4,,,,,,1,,,,1,,,1,,2,4,,,1,3,2,,,,,3,5,5,,,6,,,,,2,,,,,,,4,5,,5,4,5,5,,,,6,,,,,,2,,,,,,4,,,5,4,5,3,6,4,2,5,4,2,5,,6,2,2,None
R_30jfXGLaLSI2D3f,Default Response Set,,2015-11-18 21:17:35,2015-11-18 21:24:09,,,,,1,0,53.0,5.888888888888889,1.90029237516523,59639,1,2,4,5,1,8,3,4,1,,,1,1,,,,,,,4,4,2,4,2,2,2,2,4,1,,,,1,,1,,1,,,,,,3,3,,2,3,3,,,,,,2,,,,,,4,4,,4,2,,,,,5,,,5,,5,2,,,,,,,,4,,4,4,2,,,,,,5,4,,4,,7,6,7,6,6,6,7,7,7,,6,3,2,No
R_2EoBwPmkxMId2mW,Default Response Set,,2015-11-18 21:17:42,2015-11-18 21:24:15,,,,,1,0,45.0,5.0,0.0,92353,1,1,5,6,1,9,3,3,1,,,1,,,,1,,,,3,3,2,2,2,2,3,2,3,1,,1,,,,,,,,,,,,3,2,,,,,,,4,5,4,2,,,,,,5,,5,5,2,,,,,,5,4,,6,,2,,,,,,,5,4,,,5,2,,,,,,,4,4,,4,5,5,5,5,5,5,5,5,5,,6,2,2,none
R_doNlNhjzKg5xknD,Default Response Set,,2015-11-18 21:17:03,2015-11-18 21:24:19,,,,,1,0,24.0,2.6666666666666665,1.4142135623730951,32962,1,2,5,8,1,11,3,4,,,,1,1,,,,1,,,2,2,3,2,2,1,2,2,2,1,,,,,1,1,1,1,,,,,,3,4,3,2,3,,,,,,,3,,6,5,5,,,,,,3,,5,4,6,,,,,,,3,4,,6,,,5,,,,,,3,6,7,,6,,,,,,,6,2,2,2,2,2,4,2,2,1,6,3,4,No. I've never thought so much on the impact of permissions before.
R_1dnls0CUpG4BrWq,Default Response Set,,2015-11-18 21:15:52,2015-11-18 21:24:34,,,,,1,0,48.0,5.333333333333333,0.8660254037844386,62898,1,2,4,3,1,9,2,1,,,,,1,1,,,1,,,4,4,3,4,2,3,3,3,3,1,1,,,1,,1,,1,,,,1,,2,2,,,,,,5,,5,4,2,,,,,,5,,5,5,2,,,,,5,5,,,6,,2,,,,,,,5,,5,4,,2,,,,,,5,5,,5,,5,7,4,5,5,5,6,5,6,,6,2,1,Thanks!
R_1msA5vGxR84nSrF,Default Response Set,,2015-11-18 21:15:52,2015-11-18 21:24:40,,,,,1,0,49.0,5.444444444444445,0.8819171036881969,28672,1,2,3,4,1,9,2,4,,1,,1,,,,1,,,,2,2,2,2,2,1,3,2,4,,1,1,,,,,,,1,,,,,5,1,,,,,,5,,6,4,2,,,,,,4,4,4,,2,,,,,,,5,6,6,,1,,,,,,,,,6,4,5,2,,,,,,,5,5,,5,6,6,6,6,6,6,4,5,4,,6,2,1,
R_3Gke5MrtXzAwUMa,Default Response Set,,2015-11-18 21:17:39,2015-11-18 21:24:53,,,,,1,0,54.0,6.0,0.0,76786,1,1,4,4,1,8,3,4,,,1,1,,,,,,,,4,2,2,4,2,2,3,2,3,1,1,,,1,,1,,1,,,,,,2,3,,2,3,,2,,,,,2,,,,,,5,6,,5,1,,,,,6,5,5,,,,2,,,,,,,,6,,5,5,2,,,,,,5,4,4,,,6,6,6,6,6,6,6,6,6,,6,1,1,"No, thank you."
R_1CsEOVGL5ZutyPj,Default Response Set,,2015-11-18 21:16:09,2015-11-18 21:25:18,,,,,1,0,46.0,5.111111111111111,0.3333333333333333,31726,1,1,5,4,1,10,3,1,,,,,1,,1,1,,,,4,1,1,1,2,2,2,1,2,,,,,,1,1,,,,,,,,3,3,1,,,3,2,,,,,3,6,6,,,6,,,,,1,,,,,,5,,6,,5,3,,5,,6,4,,,,,,,3,,7,,7,6,,,,,,6,5,5,5,5,5,5,5,5,,6,1,1,no
R_31FvxjVFoDk0BOX,Default Response Set,,2015-11-18 21:15:32,2015-11-18 21:25:21,,,,,1,0,50.0,5.555555555555555,1.8782379449307742,58303,1,2,5,6,1,8,3,2,1,,,1,1,,,,,,,2,4,2,1,3,2,2,1,4,,,1,,,,,1,,,,,,,2,3,,,3,3,2,,,,,4,6,,,5,6,,,,,4,6,5,5,,,,,,,,2,,,,,,,,4,,4,5,1,,,,,,6,5,5,,,5,7,6,6,6,5,7,7,7,,6,2,2,"Great survey. I always wonder about those weird permissions that have nothing to do with the app itself. again, great survey"
R_1nPZ7qUuLE3jQCt,Default Response Set,,2015-11-18 21:20:14,2015-11-18 21:25:21,,,,,1,0,43.0,4.777777777777778,0.6666666666666666,91809,1,2,3,5,1,9,2,4,,,,1,,1,,,1,,,5,3,2,5,2,3,2,1,2,1,,1,1,,,,1,,,1,,,,2,2,,,,,,5,5,,5,3,6,5,,6,,,,,,1,,,,,5,6,,,,6,2,,,,,,,5,,5,5,,1,,,,,,5,5,4,,,5,4,5,4,4,6,5,5,5,,6,2,1,none
R_YQ4zwd31hdgzbO1,Default Response Set,,2015-11-18 21:19:28,2015-11-18 21:25:46,,,,,1,0,46.0,5.111111111111111,0.6009252125773316,35118,1,2,5,2,1,8,2,4,,,,1,1,,,1,,,,5,3,2,4,3,2,3,2,3,1,1,,,,,1,,,,,,,,3,1,,,,,,,5,5,5,1,,,,,,5,4,5,,1,,,,,,,5,5,4,,1,,,,,,,4,5,,5,,1,,,,,,,4,,5,5,5,6,6,5,4,5,5,5,5,,6,2,2,no
R_eSgT46xZ8w3ry4d,Default Response Set,,2015-11-18 21:17:16,2015-11-18 21:25:48,,,,,1,0,46.0,5.111111111111111,1.536590742882148,44359,1,1,4,3,1,4,3,4,,,,1,1,,1,,,,,2,1,2,3,4,1,3,2,2,,,1,1,,1,,1,,1,1,,,,3,2,,,,,,5,4,6,,2,,,,,,5,5,4,,1,,,,,5,5,,,,4,3,,,6,6,5,,,,,,,2,,,,,,,5,4,,4,7,6,6,5,4,2,6,4,6,,6,2,2,No.
R_3m3jHYrYbwBxCq0,Default Response Set,,2015-11-18 21:17:43,2015-11-18 21:26:12,,,,,1,0,43.0,4.777777777777778,1.092906420717,18926,1,1,5,3,1,10,2,4,,,,1,1,,,1,,,,4,2,3,4,1,3,2,4,5,1,1,,,,1,1,,,1,,,,,2,2,,,,,,5,5,4,,1,,,,,,5,,5,5,2,,,,,,4,5,,4,,3,5,6,,,,5,,,,,,2,,,,,,,,4,4,4,6,5,6,5,6,4,4,4,3,,6,3,1,
R_12s7lawEpGnwJT3,Default Response Set,,2015-11-18 21:21:01,2015-11-18 21:26:25,,,,,1,0,41.0,4.555555555555555,0.5270462766947299,86546,1,1,3,5,1,11,2,2,,,,,1,,1,1,,,,2,2,2,2,3,2,3,2,3,1,1,1,,1,1,,,,,,,,,2,4,2,,,3,2,,,,,4,6,5,4,,,,,,,3,,5,5,5,,,,,,,3,5,,5,,,5,,,,,,4,,5,6,6,,,,,,,5,4,5,4,5,4,5,4,5,1,6,1,2,Nothing.
R_3GBXXnnBBKLV0vF,Default Response Set,,2015-11-18 21:20:07,2015-11-18 21:26:35,,,,,1,0,49.0,5.444444444444445,1.740051084818425,33796,1,2,3,2,1,10,2,4,,,,,1,1,,1,,,,5,4,4,4,2,4,3,4,4,1,,1,,,,1,,1,1,1,,,,2,3,,,3,3,3,,,,,1,,,,,,4,4,,5,1,,,,,,,5,5,,5,2,,,,,,,4,,,4,5,2,,,,,,5,4,5,,,6,6,6,6,6,6,5,7,7,,6,3,1,
R_2xWtb4uvA76AbWm,Default Response Set,,2015-11-18 21:16:16,2015-11-18 21:26:41,,,,,1,0,49.0,5.444444444444445,1.0137937550497031,54092,1,1,5,5,1,9,3,4,1,,1,,,,,,1,,,2,1,3,4,4,2,3,2,3,,1,,1,1,,,,,,,,,,3,3,3,2,3,,,,,,,3,5,6,,,6,,,,,4,6,,5,6,,,,,,,1,,,,,,,4,,4,4,,3,7,,,6,5,,,,,,3,5,6,5,6,6,6,6,6,,6,2,2,"Privacy is my priority. If an app requests for permission which my invade my privacy, I will never install it."
R_3ewf6oIpI8YbaUP,Default Response Set,,2015-11-18 21:19:05,2015-11-18 21:26:56,,,,,1,0,52.0,5.777777777777778,1.922093765778466,22813,1,1,4,5,1,10,1,3,,,1,,1,,,1,,,,2,2,1,2,2,1,4,2,4,1,1,,,,1,,,1,,,,,2,3,1,,,,,,4,,6,5,1,,,,,,,4,4,4,1,,,,,,6,,6,,6,1,,,,,,,,6,,6,5,1,,,,,,,5,5,4,,5,7,7,7,6,6,7,6,7,,6,3,2,no
R_1hNfpowYJ7l50Jj,Default Response Set,,2015-11-18 21:19:22,2015-11-18 21:27:00,,,,,1,0,47.0,5.222222222222222,0.97182531580755,12435,1,2,4,3,1,10,2,4,,1,,,,1,,1,,,,5,4,2,3,2,3,3,3,3,,,1,,1,,1,1,,1,,,,,2,3,3,,3,,2,,,,,4,6,,5,,6,,,,,2,,,,,5,5,4,,,,3,,,6,,5,6,,,,,,3,,7,6,,6,,,,,,7,6,6,4,4,5,5,5,5,,6,3,2,"No, thank you"
R_27jaZJeolkHiOu0,Default Response Set,,2015-11-18 21:15:57,2015-11-18 21:27:00,,,,,1,0,47.0,5.222222222222222,2.1081851067789197,70695,1,2,5,5,1,12,3,3,,,1,1,1,,,,,,,2,4,2,3,3,2,3,2,3,1,,1,,1,1,,1,1,,,,,,3,3,3,,,3,3,,,,,1,,,,,,,4,4,4,1,,,,,4,,4,,5,,3,5,6,,,,6,,,,,,2,,,,,,,4,,4,4,7,6,7,4,3,6,7,6,7,,6,5,2,
R_1o6mWfrbxTw3E80,Default Response Set,,2015-11-18 21:17:22,2015-11-18 21:27:15,,,,,1,0,54.0,6.0,0.0,75756,1,1,5,2,1,12,3,4,,,,,,,,,1,1,perceived usefulness,4,2,3,4,2,3,3,3,3,,,1,1,,,,,,,,,,,2,2,,,,,,,4,6,5,5,,,,,,,5,4,4,1,,,,,,,5,6,5,,2,,,,,,,4,,,5,5,5,,,,,,5,5,,5,,6,6,6,6,6,6,6,6,6,,6,2,1,nothing comes to mind
R_1DT5U8LQ0wtLVLR,Default Response Set,,2015-11-18 21:18:06,2015-11-18 21:27:20,,,,,1,0,39.0,4.333333333333333,1.4142135623730951,73009,1,1,4,5,1,10,2,4,,1,,,1,,,,1,,,5,3,1,4,3,2,3,1,3,,,1,,,,1,,1,,,,,,3,4,2,1,3,,,,,,,2,,,,,,4,4,,4,1,,,,,4,5,,5,,,3,,,6,6,,6,,,,,,3,7,5,,6,,,,,,,5,3,3,2,4,5,6,5,6,,6,3,2,
R_cZ3KmqmV6I4zx0B,Default Response Set,,2015-11-18 21:19:25,2015-11-18 21:27:26,,,,,1,0,33.0,3.6666666666666665,1.0,23646,1,1,4,3,1,7,2,4,,1,,1,1,,,,,,,5,3,1,2,2,1,2,1,3,1,,1,1,,,,,,,,,,,3,4,1,,,3,2,,,,,2,,,,,,4,4,4,,2,,,,,4,,4,,6,,3,,,6,,4,5,,,,,,3,,7,6,5,,,,,,,5,5,5,3,3,3,3,3,3,,6,5,3,
R_1n0aif9aV5torKf,Default Response Set,,2015-11-18 21:19:06,2015-11-18 21:27:32,,,,,1,0,55.0,6.111111111111111,0.7817359599705717,81629,1,2,4,6,1,10,1,4,,1,,1,,,,1,,,,1,3,1,4,2,1,3,3,5,1,1,,,1,1,,,,,,,,5,2,4,3,,,3,3,,,,,1,,,,,,,6,6,6,2,,,,,5,,,4,4,,4,5,4,,,5,,,,,,,1,,,,,,6,6,,,6,7,6,7,7,6,5,6,6,5,,6,4,2,interesting and usable apps only i install
R_3lPMzYgRjrTRix6,Default Response Set,,2015-11-18 21:17:48,2015-11-18 21:27:33,,,,,1,0,40.0,4.444444444444445,1.2360330811826103,86614,1,1,4,5,1,10,2,4,1,1,,,,1,,,,,,3,4,2,4,2,2,2,2,4,,,1,1,,1,1,1,1,,,,,,2,2,,,,,,4,,6,4,2,,,,,,5,,4,5,4,6,5,,6,,,,,,,5,,,,,,,4,4,5,,,3,7,,5,,5,,,,,,6,5,5,3,3,3,6,5,4,,6,5,1,
R_1FmhZB73m5pOcxc,Default Response Set,,2015-11-18 21:20:30,2015-11-18 21:27:34,,,,,1,0,49.0,5.444444444444445,0.5270462766947299,84275,1,2,6,3,1,12,2,4,,,,1,,,,,1,,,4,4,4,4,2,4,3,4,4,,,1,1,,1,,,,,,,,,2,1,,,,,,5,5,5,,1,,,,,,5,,5,5,2,,,,,5,,5,,5,,1,,,,,,,5,5,5,,,1,,,,,,,5,5,,5,5,5,5,6,5,5,6,6,6,,6,2,2,
R_r1KRgaAEgFg36qB,Default Response Set,,2015-11-18 21:18:29,2015-11-18 21:27:34,,,,,1,0,49.0,5.444444444444445,0.5270462766947299,58871,1,1,5,5,1,10,2,3,1,,,1,1,,,,,,,4,2,2,3,2,2,2,3,4,1,,,,1,1,1,1,1,,,,,,3,2,,,,,,4,5,6,,1,,,,,,5,,5,4,1,,,,,5,5,,,,5,3,6,4,,,4,,,,,,,2,,,,,,5,,,6,5,5,6,5,5,5,6,5,6,6,,6,2,2,
R_Y6chGvcmQIlUr7z,Default Response Set,,2015-11-18 21:22:46,2015-11-18 21:27:46,,,,,1,0,47.0,5.222222222222222,0.6666666666666666,89932,1,1,3,4,1,10,2,4,,,,1,1,,,1,,,,4,2,2,2,2,2,3,4,4,1,,1,,,1,,,,,,,,,3,1,,,,,,5,,5,4,2,,,,,,5,,4,5,3,,5,5,5,,,,,,,1,,,,,,,5,,,5,5,1,,,,,,,5,5,,5,7,5,5,5,5,5,5,5,5,,6,5,5,
R_2i9uJlJOqcdOFCV,Default Response Set,,2015-11-18 21:21:52,2015-11-18 21:27:56,,,,,1,0,39.0,4.333333333333333,1.0,52495,1,1,4,5,1,10,2,4,,,,,,,1,1,1,,,4,3,3,2,2,4,2,3,2,,,,,,,1,,,1,,,1,,2,1,,,,,,5,5,,5,1,,,,,,4,4,4,,2,,,,,,5,5,5,,,2,,,,,,,4,4,,,4,1,,,,,,,,6,6,5,4,3,5,4,4,5,6,5,3,,6,2,4,
R_2Et5CsyEHOGFCbc,Default Response Set,,2015-11-18 21:18:08,2015-11-18 21:28:19,,,,,1,0,43.0,4.777777777777778,2.1666666666666665,57529,1,2,5,5,1,11,3,4,,,1,1,,,,1,,,,2,4,2,2,2,1,2,2,3,1,1,,,,,1,,1,,,,1,,2,2,,,,,,5,5,,4,3,,,5,6,6,,,,,2,,,,,4,5,4,,,,5,,,,,,,4,4,,4,,3,7,,,6,5,,,,,,6,7,5,4,3,3,7,7,7,1,6,2,1,"My biggest motivation for installing apps tends to be functionality. I am less concerned with whether or not my friends are using an app, though I have downloaded apps strictly based on recommendations. It's hit or miss as far as that goes. I definitely shy away from apps that request a lot of access to my phone. I worry as much about battery and data usage as I do about privacy though, which is to say I worry somewhat about all of those things."
R_1IzoUT2pQhwP0vT,Default Response Set,,2015-11-18 21:21:51,2015-11-18 21:28:21,,,,,1,0,49.0,5.444444444444445,1.8104634152000358,44324,1,2,4,3,1,10,3,4,,,,1,,1,,1,,,,2,3,4,4,2,2,3,4,4,1,1,,,1,1,,,,,1,,,,2,2,,,,,,4,5,4,,2,,,,,,5,4,5,,1,,,,,,6,,,6,6,2,,,,,,,4,,,4,4,1,,,,,,,5,4,,5,6,6,6,5,6,5,7,7,7,,6,2,1,
R_56K0IWLE0uwtYBj,Default Response Set,,2015-11-18 21:20:59,2015-11-18 21:28:23,,,,,1,0,41.0,4.555555555555555,1.2360330811826103,87685,1,1,3,5,1,11,3,1,1,,1,,,,,,1,,,3,2,3,4,2,2,3,2,3,,1,1,,,,,,,,,,,,3,2,,,,,,,4,4,4,2,,,,,,4,4,4,,1,,,,,,,5,,5,5,4,,5,5,,,6,,,,,,4,7,,5,5,,,,,,,6,3,5,5,5,3,3,6,5,1,6,3,3,"I tend to rely on other's opinions about apps, and not necessarily the specific permissions that are being requested by each app."
R_1IMo7PSX8GyVy8L,Default Response Set,,2015-11-18 21:17:12,2015-11-18 21:28:25,,,,,1,0,52.0,5.777777777777778,2.223610677354389,69984,1,2,3,5,1,8,3,2,,,,,,1,1,1,,,,5,2,2,4,2,4,3,2,3,,,,,,,1,1,1,,1,,,,5,1,,,,,,4,5,5,,1,,,,,,5,5,5,,1,,,,,5,,4,,5,,1,,,,,,,,5,,5,5,1,,,,,,5,,,5,5,3,7,7,7,6,7,7,7,7,,6,2,2,
R_SBREpqeOyhJeZDH,Default Response Set,,2015-11-18 21:21:56,2015-11-18 21:28:33,,,,,1,0,41.0,4.555555555555555,0.8819171036881969,32013,1,1,4,2,1,11,2,4,,,,1,1,1,,,,,,5,2,3,4,2,2,3,3,3,1,1,1,1,1,1,,,,,,,,,2,2,,,,,,,5,4,4,2,,,,,,5,5,,5,1,,,,,5,,5,,,5,5,,,,,,,,4,4,,5,2,,,,,,5,,,4,5,5,5,3,3,5,5,5,5,5,1,6,2,1,
R_1HoFv8mxYngTnA9,Default Response Set,,2015-11-18 21:21:33,2015-11-18 21:28:44,,,,,1,0,56.0,6.222222222222222,0.8333333333333334,73879,1,2,5,4,1,10,3,4,,,1,,,,1,,1,,,4,2,1,2,2,1,3,2,3,,,1,,,,1,1,1,1,,,,,2,4,3,,3,,3,,,,,4,6,6,6,,,,,,,4,4,4,5,,,,,,,,2,,,,,,,,,4,4,4,3,,,5,7,5,,,,,,7,6,7,7,7,6,6,5,5,,6,2,1,Device storage is my main issue when installing apps.
R_3EgQxiCNeYejiUr,Default Response Set,,2015-11-18 21:19:54,2015-11-18 21:28:47,,,,,1,0,42.0,4.666666666666667,0.8660254037844386,16912,1,2,3,3,1,7,1,4,,1,,,,,1,,1,,,4,2,1,2,2,2,2,2,3,,1,,1,1,1,,1,,,,,,6,3,1,,,,,,4,5,,4,1,,,,,,5,,5,4,2,,,,,5,,,,5,5,5,,,,,,,4,5,4,,,2,,,,,,5,4,,5,,5,6,5,5,5,5,4,4,3,,6,5,2,"No, but this made me really curious as to what data the current apps I use are actually collecting."
R_ZmKqDLg6TfDH4yd,Default Response Set,,2015-11-18 21:20:24,2015-11-18 21:29:02,,,,,1,0,47.0,5.222222222222222,0.8333333333333334,79770,1,1,4,5,1,9,2,3,1,,,1,1,,,,,,,2,3,2,2,2,1,2,2,4,,,,,,,1,1,1,1,,,,,3,2,,,,,,4,5,6,,2,,,,,,5,,5,5,1,,,,,,4,,,6,5,5,,,,,,,4,,4,4,,3,7,7,,7,,,,,,,6,5,5,4,4,5,6,6,6,,6,3,2,
R_1mrOw6xYpajPtj4,Default Response Set,,2015-11-18 21:22:20,2015-11-18 21:29:11,,,,,1,0,53.0,5.888888888888889,1.2692955176439846,24897,1,1,3,5,1,9,3,4,,,,1,1,,1,,,,,2,3,2,3,2,2,2,3,4,1,,1,1,1,,,1,,,1,,,,2,2,,,,,,4,5,6,,1,,,,,,5,,4,5,1,,,,,5,6,,6,,,2,,,,,,,5,4,5,,,2,,,,,,5,4,,6,,4,7,6,5,4,7,7,7,6,,6,3,1,
R_1OAGdvcF3jptZJn,Default Response Set,,2015-11-18 21:22:30,2015-11-18 21:29:20,,,,,1,0,56.0,6.222222222222222,1.986062547968831,11735,1,2,4,5,1,10,2,4,,1,,,1,,,,,1,price,2,2,1,2,2,3,3,1,3,,,,,,,,,,1,,,,,2,3,,3,,3,3,,,,,2,,,,,,5,4,4,,2,,,,,6,,,6,,5,3,,,6,,4,5,,,,,,3,,5,5,,5,,,,,,6,7,7,7,7,7,7,7,7,,6,2,2,no
R_1CfQ2rmDZlDwbU5,Default Response Set,,2015-11-18 21:20:48,2015-11-18 21:29:35,,,,,1,0,18.0,2.0,0.0,92290,1,2,4,5,1,10,3,1,,,1,1,,,,,1,,,4,4,2,3,4,2,3,2,3,,,,,,,1,,,,,,,,3,2,,,,,,4,4,,4,3,,6,6,,6,,,,,1,,,,,,5,5,,,5,4,4,,6,,4,,,,,,,3,7,,,6,6,,,,,,2,2,2,2,2,2,2,2,2,,6,5,2,
R_11XbVah089CSUun,Default Response Set,,2015-11-18 21:24:04,2015-11-18 21:30:03,,,,,1,0,42.0,4.666666666666667,0.7071067811865476,56562,1,2,4,2,1,7,3,4,,,,1,1,1,,,,,,1,2,1,4,1,2,3,3,2,,,,1,1,1,,,,1,,,,,1,4,2,3,,3,,,,,,4,5,,,5,6,,,,,3,,6,5,5,,,,,,,2,,,,,,,5,,,5,5,3,6,6,,,6,,,,,,5,5,5,5,6,4,4,4,4,,6,3,2,
R_1jcu3P5e5turSDQ,Default Response Set,,2015-11-18 21:21:13,2015-11-18 21:30:07,,,,,1,0,51.0,5.666666666666667,1.8708286933869707,30081,1,1,3,5,1,9,3,2,1,1,,,,,1,,,,,2,2,4,4,2,2,2,4,3,,1,1,,,,1,1,,,,,,,3,1,,,,,,5,5,,4,3,6,,5,6,,,,,,4,6,5,,6,,,,,,,2,,,,,,,4,,,4,4,1,,,,,,5,,,4,5,6,7,7,6,5,6,7,6,7,,6,1,2,Good luck! Sounds like you have a decent idea for an app if those last few questions were geared toward a potential product.
R_3Jr5fOr4wUqix9q,Default Response Set,,2015-11-18 21:18:46,2015-11-18 21:30:14,,,,,1,0,47.0,5.222222222222222,0.97182531580755,85838,1,2,4,6,1,9,1,2,,,,1,,1,1,,,,,1,2,2,4,2,1,3,2,4,,,,1,1,1,,,1,,,,,4,2,2,,,,,,4,,6,4,2,,,,,,4,4,,6,1,,,,,6,6,,6,,,3,,,6,5,,6,,,,,,3,,,5,7,5,,,,,,5,6,3,5,5,5,6,6,6,,6,3,3,
R_12ciSmo9xibNYNj,Default Response Set,,2015-11-18 21:25:44,2015-11-18 21:30:21,,,,,1,0,51.0,5.666666666666667,0.5,44933,1,1,4,5,1,11,2,4,,1,,,,,,1,1,,,1,2,2,1,1,2,3,1,3,,1,1,,,,,,,,,,,,3,3,2,,3,,2,,,,,4,,5,,6,5,,,,,2,,,,,4,,4,5,,,3,,5,6,,4,,,,,,,4,7,7,,6,,,,,,,6,5,6,6,5,5,6,6,6,1,6,2,1,
R_2TS3miLYh6RyHxf,Default Response Set,,2015-11-18 21:20:03,2015-11-18 21:30:48,,,,,1,0,29.0,3.2222222222222223,1.986062547968831,43047,1,1,4,5,1,9,3,4,,1,,1,,,,,1,,,1,1,2,4,2,1,3,1,2,,,,,,,1,,1,1,1,,1,,2,3,3,,2,,3,,,,,1,,,,,,,6,6,5,4,5,5,4,,,,,,,,2,,,,,,,,5,6,6,,4,6,7,,7,,,,,,,2,5,1,6,4,1,1,4,5,,6,2,1,
R_3fuWhwVbs1C2x3M,Default Response Set,,2015-11-18 21:21:50,2015-11-18 21:31:08,,,,,1,0,54.0,6.0,0.5,97397,1,2,4,6,1,12,2,4,,,,1,1,,1,,,,,5,2,3,4,2,2,2,2,3,,,,1,,,1,,,1,,,,,2,2,,,,,,4,5,,4,3,,6,,6,6,,,,,2,,,,,,5,,5,,5,3,,,6,6,5,,,,,,,3,,,6,6,6,,,,,,5,6,6,6,7,6,6,6,6,,6,2,2,no
R_2P7FVCAAOoT7xzK,Default Response Set,,2015-11-18 21:24:37,2015-11-18 21:31:10,,,,,1,0,25.0,2.7777777777777777,1.3944333775567925,55685,1,1,5,3,1,9,2,4,,,,1,1,,,1,,,,3,2,2,2,4,1,3,2,3,1,1,1,,,,1,,,,,,,,3,3,3,1,,3,,,,,,2,,,,,,4,4,4,,1,,,,,,5,,,4,5,2,,,,,,,4,,,4,5,1,,,,,,5,,,5,5,6,2,2,2,4,3,2,2,2,,6,1,1,sounds like a great feature - 'line item veto' so to speak
R_1EX1OOnycCptKP3,Default Response Set,,2015-11-18 21:23:27,2015-11-18 21:31:18,,,,,1,0,56.0,6.222222222222222,0.6666666666666666,83453,1,1,5,2,1,9,2,3,,1,1,,1,,,,,,,4,3,2,3,2,2,3,2,4,1,,,,,,,,,1,,,1,,2,3,3,3,,3,,,,,,1,,,,,,5,4,,4,1,,,,,5,,4,5,,,3,5,,,,4,5,,,,,,2,,,,,,5,,4,,4,6,7,7,7,6,5,6,6,6,,6,2,1,
R_2Ugvr2VZDU8kOH6,Default Response Set,,2015-11-18 21:23:52,2015-11-18 21:31:29,,,,,1,0,52.0,5.777777777777778,0.44095855184409843,19532,1,1,3,3,1,10,2,3,,,,1,1,,,,1,,,4,2,2,2,2,2,3,3,4,,1,1,,,,,1,,,,,,,2,2,,,,,,4,,6,4,1,,,,,,5,5,5,,2,,,,,5,,,5,,5,2,,,,,,,5,5,,,5,2,,,,,,5,,,5,5,6,6,6,6,6,5,6,6,5,,6,5,5,Thanks for letting me help
R_26nd4RQjscpbxBp,Default Response Set,,2015-11-18 21:21:31,2015-11-18 21:31:47,,,,,1,0,45.0,5.0,1.6583123951777,96689,1,1,5,2,1,10,2,4,,1,,1,1,,,,,,,4,2,2,4,2,2,3,2,3,,,,,,,,,,1,,,,,3,2,,,,,,5,5,,5,3,,5,,6,5,,,,,1,,,,,,,4,,6,5,1,,,,,,,4,,4,4,,3,,7,6,,5,,,,,,6,6,6,5,5,4,6,6,7,,6,2,2,Have a nice day :)
R_3Pcxuk023Gxzrl3,Default Response Set,,2015-11-18 21:20:40,2015-11-18 21:31:58,,,,,1,0,46.0,5.111111111111111,0.927960727138337,67306,1,1,4,3,1,10,1,4,,1,,,,,1,,1,,,4,1,1,4,2,1,3,2,3,1,1,1,,,,,,,,,,,6,3,2,,,,,,,6,6,6,3,6,,4,,6,,,,,2,,,,,4,,4,,5,,3,5,,,6,,5,,,,,,3,6,,6,7,,,,,,,5,3,6,5,5,6,6,5,5,,6,2,2,I think I will start to look at permissions more after this
R_1LUPEwMuBbKA5O3,Default Response Set,,2015-11-18 21:23:01,2015-11-18 21:32:09,,,,,1,0,54.0,6.0,0.0,76320,1,1,5,3,1,9,1,4,1,,1,,,1,,,,,,4,4,4,5,1,4,3,4,4,,,1,1,,1,,1,,1,1,,,2,2,1,,,,,,5,,5,5,1,,,,,,5,,5,5,1,,,,,,5,,5,5,,4,5,5,,,,5,,,,,,1,,,,,,5,5,,5,,6,6,6,6,6,6,6,6,6,,6,2,1,"Currently use Cyanogenmod, this ROM has allowed 'permission blocking' for a long time, I only allow certain apps the permissions I'm both willing to give and need for the app to function."
R_3dVXKYIDePoGEMm,Default Response Set,,2015-11-18 21:25:30,2015-11-18 21:32:10,,,,,1,0,56.0,6.222222222222222,0.6666666666666666,26070,1,1,5,3,1,12,3,4,,,,,1,,1,1,,,,2,3,2,4,4,2,3,2,3,,,1,1,,1,,,,,1,,,,2,3,3,,3,3,,,,,,4,,,6,6,6,,,,,2,,,,,5,4,,,,4,3,4,,6,,4,,,,,,,4,7,5,,,5,,,,,,7,6,7,5,6,7,6,6,6,,6,2,1,
R_1IWN3Dr8h1pHW7b,Default Response Set,,2015-11-18 21:23:45,2015-11-18 21:32:19,,,,,1,0,47.0,5.222222222222222,0.6666666666666666,57285,1,2,5,4,1,11,3,4,,,,1,1,,1,,,,,2,2,1,2,3,1,4,2,3,1,,,,1,,1,1,,,1,,1,,2,3,,3,3,,3,,,,,2,,,,,,,4,4,4,3,6,4,,6,,,,,,,3,4,,,6,,6,,,,,,3,6,6,,7,,,,,,,6,5,5,5,5,4,5,6,6,1,6,1,2,Thank you I enjoyed taking this survey.
R_BFbwnPTNJPEuqFb,Default Response Set,,2015-11-18 21:26:18,2015-11-18 21:32:24,,,,,1,0,60.0,6.666666666666667,0.5,21899,1,1,4,3,1,10,2,4,,,,,1,1,1,,,,,2,2,2,4,1,3,3,3,5,,,,,1,,,1,1,,,,,,2,3,3,3,2,,,,,,,2,,,,,,,4,4,4,1,,,,,5,6,5,,,,3,6,,,,5,6,,,,,,2,,,,,,5,,4,,4,6,7,7,7,7,7,6,7,6,,6,2,4,none
R_1IsECiSA7pgqhIw,Default Response Set,,2015-11-18 21:17:05,2015-11-18 21:32:25,,,,,1,0,54.0,6.0,0.0,95117,1,2,5,6,1,10,2,1,,,,1,,1,,1,,,,5,5,4,5,3,3,3,3,3,,1,,,1,,,,,1,,,,,3,1,,,,,,,5,6,5,1,,,,,,,5,4,5,2,,,,,,,5,,5,5,1,,,,,,,,4,4,5,,3,7,6,,6,,,,,,,6,6,6,6,6,6,6,6,6,,6,1,1,
R_0I0LuTpfS00E3PH,Default Response Set,,2015-11-18 21:24:09,2015-11-18 21:32:30,,,,,1,0,55.0,6.111111111111111,2.0275875100994063,80680,1,2,4,2,1,9,1,2,,1,,,1,,,,1,,,5,4,3,2,2,2,2,3,3,1,1,,,,,,1,1,,1,,,3,3,1,,,,,,4,5,,4,2,,,,,,5,4,,4,1,,,,,,6,,,6,6,2,,,,,,,5,5,,5,,2,,,,,,,5,5,,5,5,7,7,7,7,7,7,7,7,,6,2,1,no
R_2PbRvGlfUyVSItD,Default Response Set,,2015-11-18 21:23:59,2015-11-18 21:32:31,,,,,1,0,31.0,3.4444444444444446,1.509230856356236,12488,1,2,4,3,1,9,2,4,,1,,,1,1,,,,,,5,4,2,4,2,4,3,2,3,,,,,,,,,,1,,,,,3,2,,,,,,5,,5,5,2,,,,,,5,4,,5,1,,,,,5,,5,,5,,1,,,,,,,4,5,4,,,2,,,,,,,5,4,5,,2,5,3,2,2,2,5,5,5,,6,2,1,
R_RJfEpJmxlqez105,Default Response Set,,2015-11-18 21:25:59,2015-11-18 21:32:35,,,,,1,0,53.0,5.888888888888889,0.7817359599705717,39067,1,2,4,3,1,10,1,4,,,,1,1,,,,,,,4,3,2,3,2,2,3,3,3,1,,1,,1,,,,1,1,,,1,2,3,2,,,,,,4,5,4,,3,6,5,,6,,,,,,2,,,,,,,5,6,6,,2,,,,,,,4,,,5,4,2,,,,,,,4,4,4,,7,6,6,6,6,4,6,6,6,,6,3,2,
R_1gcoSwNDFuCwP0Q,Default Response Set,,2015-11-18 21:19:20,2015-11-18 21:32:38,,,,,1,0,45.0,5.0,0.5,73741,1,2,4,2,1,9,3,4,,1,,,1,1,,,,,,4,3,2,3,2,2,3,2,3,,1,1,,,,,,,1,,,,,2,3,3,1,,3,,,,,,5,,,,,,5,5,,5,2,,,,,,,,5,5,5,3,6,6,,5,,,,,,,,3,6,5,,,5,,,,,,5,5,5,4,5,5,5,5,6,,6,2,1,
R_2roNIlgfwyzeN53,Default Response Set,,2015-11-18 21:15:18,2015-11-18 21:32:40,,,,,1,0,52.0,5.777777777777778,1.922093765778466,71129,1,1,5,5,1,8,2,1,,,,,,,1,1,,1,Mostly whether I need it or not.,2,2,2,2,2,1,2,4,4,,,,,,,,,,,,,1,,3,2,,,,,,,5,6,5,1,,,,,,,6,5,5,1,,,,,,5,6,,6,,1,,,,,,,4,5,5,,,1,,,,,,,5,4,,5,6,7,7,5,6,6,7,7,7,,6,2,1,Thanks!
R_2dgx1CQT5YqsSeQ,Default Response Set,,2015-11-18 21:24:14,2015-11-18 21:32:41,,,,,1,0,46.0,5.111111111111111,1.6914819275153699,40316,1,1,4,2,1,9,2,4,,1,,,,1,,,1,,,2,5,4,2,1,2,3,2,2,1,,,1,1,,1,1,1,,,,,,2,3,,3,,3,3,,,,,2,,,,,,4,,4,4,1,,,,,,,4,5,4,,2,,,,,,,4,,4,5,,2,,,,,,5,,4,,5,6,7,7,6,5,5,3,2,5,,6,2,1,
R_d6bmf1V4DgPIC0F,Default Response Set,,2015-11-18 21:23:55,2015-11-18 21:32:44,,,,,1,0,47.0,5.222222222222222,2.048034287907418,72011,1,1,3,3,1,10,2,4,,1,,,,,1,,1,,,2,2,2,2,2,2,2,3,3,,,1,,,,1,,1,1,,,,,2,2,,,,,,4,4,5,,4,,6,,6,6,,,,,1,,,,,6,6,,,,6,3,,,6,,4,6,,,,,,3,6,,5,,5,,,,,,7,6,6,5,5,3,7,7,7,,6,1,1,
R_3qInJVFkJzN8BoP,Default Response Set,,2015-11-18 21:26:11,2015-11-18 21:32:45,,,,,1,0,51.0,5.666666666666667,0.8660254037844386,25655,1,2,3,3,1,10,2,4,,,,1,1,1,,,,,,2,4,4,5,1,3,4,3,3,1,,1,,,1,1,1,,1,,,,,2,2,,,,,,5,,5,4,4,,6,6,,6,,,,,1,,,,,5,4,5,,,,3,,,4,5,5,,,,,,,4,,6,5,,6,,,,,,7,5,6,6,6,6,6,5,4,,6,1,1,
R_3h9ZCL83Thwgh9c,Default Response Set,,2015-11-18 21:21:36,2015-11-18 21:32:56,,,,,1,0,51.0,5.666666666666667,1.0,71601,1,2,5,5,1,9,3,4,,1,,,1,,,1,,,,5,4,3,4,2,2,2,3,3,,1,,,,,,,,1,,,,,3,1,,,,,,6,5,6,,1,,,,,,5,6,,5,1,,,,,,,,6,6,6,3,6,5,,6,,,,,,,,1,,,,,,5,,4,4,,7,7,5,4,5,5,6,6,6,,6,3,1,
R_1jHBO31BkhWeRbg,Default Response Set,,2015-11-18 21:23:44,2015-11-18 21:32:59,,,,,1,0,50.0,5.555555555555555,0.8819171036881969,44886,1,2,5,5,1,9,3,2,,,,1,1,,,1,,,,4,2,3,3,3,4,3,3,3,,,,,,1,,,,,1,,,,2,3,3,2,,3,,,,,,1,,,,,,5,4,4,,3,6,,5,6,,,,,,,2,,,,,,,,5,5,4,,3,7,,6,7,,,,,,,6,7,5,6,6,4,5,5,6,,6,1,1,no
R_RUg4BjSbs3diBqh,Default Response Set,,2015-11-18 21:23:34,2015-11-18 21:33:02,,,,,1,0,45.0,5.0,1.9364916731037085,16809,1,1,3,4,1,9,2,4,,,,1,1,,,,1,,,3,2,3,1,1,1,3,3,3,1,1,1,,,,1,1,,,,,,,2,1,,,,,,,5,6,5,1,,,,,,6,6,5,,1,,,,,,5,6,,6,,1,,,,,,,5,6,,,6,2,,,,,,6,,5,,6,5,7,6,3,5,5,6,7,7,,6,2,1,
R_a4qIjFOl7gwNeTz,Default Response Set,,2015-11-18 21:25:41,2015-11-18 21:33:20,,,,,1,0,41.0,4.555555555555555,0.5270462766947299,29808,1,1,4,3,1,12,2,4,,1,,1,,,,1,,,,3,3,3,3,3,3,3,2,4,,1,,1,1,,1,,,,,,,,3,3,2,2,,,2,,,,,2,,,,,,5,5,5,,2,,,,,,,5,5,5,,1,,,,,,,5,5,5,,,1,,,,,,5,,5,5,,5,4,4,5,5,4,4,5,5,,6,3,2,fun task
R_RjWxverIiChbNcJ,Default Response Set,,2015-11-18 21:25:35,2015-11-18 21:33:19,,,,,1,0,49.0,5.444444444444445,0.5270462766947299,49801,1,2,5,3,1,8,1,4,,,,,1,,1,1,,,,4,2,1,2,2,2,2,1,2,1,,,,1,,,,,,,,,4,3,1,,,,,,5,,5,5,2,,,,,,5,,5,5,2,,,,,,,4,4,6,,3,4,,,,4,5,,,,,,2,,,,,,,5,,5,5,6,6,6,5,5,5,5,5,6,,6,3,2,
R_s6jdi0ocUh3UpDH,Default Response Set,,2015-11-18 21:26:15,2015-11-18 21:33:19,,,,,1,0,32.0,3.5555555555555554,0.5270462766947299,59692,1,1,4,6,1,9,3,2,,,,1,1,,1,,,,,5,3,3,2,3,2,2,2,2,,1,1,,,,,,,,,,,,3,4,2,,2,3,,,,,,3,,5,,5,5,,,,,3,5,5,,5,,,,,,,3,5,4,,,4,,,,,,,3,,,6,6,6,,,,,,4,3,4,3,4,4,3,3,4,,6,3,2,No
R_21Eq2DifVZoqUzl,Default Response Set,,2015-11-18 21:25:43,2015-11-18 21:33:21,,,,,1,0,26.0,2.888888888888889,1.6914819275153699,79564,1,2,4,3,1,10,2,4,,1,,1,,,,1,,,,2,5,5,2,1,2,2,2,2,1,1,,,,,1,1,1,,,,1,,2,3,3,,3,3,,,,,,1,,,,,,,4,5,4,1,,,,,,,,5,5,5,4,5,5,,,,5,,,,,,2,,,,,,4,,,4,4,2,5,2,2,5,3,1,5,1,,6,2,1,
R_1r7hBkCpDLMXsct,Default Response Set,,2015-11-18 21:17:29,2015-11-18 21:33:22,,,,,1,0,47.0,5.222222222222222,1.3017082793177757,49503,1,2,5,5,1,9,2,4,,,,1,1,,1,,,,,2,2,2,2,4,2,3,2,3,1,1,1,1,,1,,,,,,,,,3,3,3,2,3,,,,,,,4,6,,6,,6,,,,,2,,,,,,4,,5,5,,2,,,,,,,4,,,4,4,3,6,,7,,5,,,,,,5,5,5,2,6,6,6,6,6,,6,2,2,
R_3qKfps6fpSIBsUi,Default Response Set,,2015-11-18 21:24:20,2015-11-18 21:33:27,,,,,1,0,50.0,5.555555555555555,0.7264831572567789,89403,1,1,4,5,1,8,3,4,1,,,,,,1,1,,,,4,2,2,2,2,1,3,2,3,,,,,,,,,,1,,,1,,3,3,,2,3,,3,,,,,1,,,,,,,5,5,5,2,,,,,,,,5,6,5,1,,,,,,,,5,5,,5,2,,,,,,,4,4,5,,7,5,5,5,5,5,6,6,6,,6,2,2,no thank you
R_BzgnwrwjIl0NeA9,Default Response Set,,2015-11-18 21:23:57,2015-11-18 21:33:28,,,,,1,0,41.0,4.555555555555555,1.5898986690282426,64797,1,1,4,5,1,10,2,4,,,,,1,1,1,,,,,4,5,3,2,1,2,3,2,2,1,1,,,,1,,1,,,,,,,2,3,,3,3,,3,,,,,2,,,,,,,5,5,4,1,,,,,,,5,5,6,,3,5,6,,5,,,,,,,,3,7,6,,7,,,,,,,7,3,6,3,5,2,5,5,5,,6,2,1,
R_32W3ABW4gum3bja,Default Response Set,,2015-11-18 21:25:48,2015-11-18 21:33:28,,,,,1,0,41.0,4.555555555555555,0.5270462766947299,31642,1,2,4,2,1,10,1,4,,,,1,1,,,,1,,,2,2,2,2,4,2,3,2,3,1,1,,,1,,1,,,,1,,,4,2,3,2,,2,,3,,,,,3,6,,6,,6,,,,,2,,,,,,4,5,6,,,3,,6,,5,5,,,,,,,3,7,,7,7,,,,,,,5,4,4,5,5,4,5,4,5,,6,3,5,
R_2qlVpuRX8c9CZTS,Default Response Set,,2015-11-18 21:18:47,2015-11-18 21:33:35,,,,,1,0,42.0,4.666666666666667,1.5,98630,1,1,5,3,1,10,2,4,1,,,,,,1,1,,,,1,3,2,5,3,2,3,1,4,,,,,,,,1,1,,,,1,,3,1,,,,,,4,,5,4,2,,,,,,4,5,,4,3,,6,6,6,,,,,,,4,,5,6,,4,,,,,,,3,7,,,7,6,,,,,,7,6,6,4,5,5,3,3,3,,6,2,2,No
R_22WihO2j4mS4cqd,Default Response Set,,2015-11-18 21:28:37,2015-11-18 21:33:40,,,,,1,0,54.0,6.0,0.0,79621,1,2,4,5,1,7,2,4,,,,1,1,,,1,,,,4,3,2,2,2,2,3,2,3,1,,1,1,,,,1,,,1,,1,,2,3,3,,,3,2,,,,,3,,6,6,,6,,,,,3,6,6,6,,,,,,,,2,,,,,,,,,4,4,4,3,7,,6,,5,,,,,,6,6,6,6,6,6,6,6,6,,6,2,2,
R_1qa1jypTbr4px4g,Default Response Set,,2015-11-18 21:22:33,2015-11-18 21:33:41,,,,,1,0,43.0,4.777777777777778,0.8333333333333334,72479,1,2,4,4,1,10,2,4,,1,,,,,1,,1,,,4,2,2,2,4,2,2,2,3,1,,,,1,,1,1,,,1,,,,3,4,3,,,3,3,,,,,2,,,,,,4,6,,4,2,,,,,4,6,,,,6,3,,5,6,,4,,,,,,,3,7,,,6,5,,,,,,6,5,4,5,3,5,5,5,5,,6,1,1,No but I think that is a great change - to have the permissions to come up while the app is running.
R_6JTY86Us25lKGsx,Default Response Set,,2015-11-18 21:27:08,2015-11-18 21:33:48,,,,,1,0,49.0,5.444444444444445,0.5270462766947299,14941,1,1,5,5,1,12,3,4,,,1,1,,,,,1,,,2,2,2,3,2,2,3,2,3,,,,,,1,,,1,1,,,,,2,1,,,,,,4,4,5,,1,,,,,,5,5,5,,1,,,,,5,,,5,5,,1,,,,,,,5,5,,5,,1,,,,,,,,5,5,5,6,5,5,5,5,5,6,6,6,,6,2,1,n/a
R_247MPKHYDAJmUou,Default Response Set,,2015-11-18 21:23:45,2015-11-18 21:34:13,,,,,1,0,47.0,5.222222222222222,0.44095855184409843,98683,1,2,4,8,1,11,3,4,,,,1,,,1,1,,,,3,2,2,3,3,2,2,2,3,,,1,,1,1,1,,,1,,,,,2,2,,,,,,4,4,,4,5,,,,,,,4,4,4,1,,,,,,,5,5,6,,5,,,,,,,,5,6,,5,3,6,,,7,5,,,,,,5,6,6,5,5,5,5,5,5,1,6,3,2,
R_6LvLb5sY4ql9GAF,Default Response Set,,2015-11-18 21:17:41,2015-11-18 21:34:22,,,,,1,0,37.0,4.111111111111111,0.3333333333333333,11665,1,2,4,5,1,8,2,4,,,,1,1,,,,,1,My own needs/tastes.,5,3,2,2,3,1,2,2,3,1,,,,1,,,1,1,,1,,1,,3,3,,3,,3,3,,,,,2,,,,,,4,,4,4,2,,,,,,,4,5,,5,3,,,6,6,,5,,,,,,3,,6,6,,6,,,,,,5,4,4,4,4,4,4,4,4,,6,2,2,
R_1eCBk9UQJQV3WqK,Default Response Set,,2015-11-18 21:25:37,2015-11-18 21:34:25,,,,,1,0,51.0,5.666666666666667,1.8708286933869707,83256,1,1,5,5,1,10,2,4,1,,,1,,1,,,,,,4,5,4,4,3,2,3,3,3,1,1,,,,,,,,,,,,,2,2,,,,,,5,5,,4,1,,,,,,4,6,4,,1,,,,,,,5,6,6,,3,5,,,6,,6,,,,,,3,,7,,6,6,,,,,,7,6,6,6,6,5,7,7,7,,6,2,1,no
R_1opdy55srDrLe08,Default Response Set,,2015-11-18 21:25:56,2015-11-18 21:34:28,,,,,1,0,49.0,5.444444444444445,1.0137937550497031,55259,1,2,3,5,1,8,2,2,,1,,,1,,,,1,,,5,3,2,5,2,3,2,4,5,1,,1,1,,,,,1,,1,,,,2,2,,,,,,4,5,5,,1,,,,,,5,,4,5,1,,,,,5,5,,,,5,1,,,,,,,5,5,,,5,1,,,,,,,4,4,4,,5,7,6,4,5,4,6,6,6,,6,3,3,No
R_3L8bW1BIjRA3LTX,Default Response Set,,2015-11-18 21:24:35,2015-11-18 21:34:42,,,,,1,0,52.0,5.777777777777778,1.922093765778466,30298,1,2,4,3,1,10,2,4,,,,,1,1,,,1,,,5,4,2,4,1,2,3,2,5,,1,1,,,1,,,,1,,,,,2,4,,1,,3,2,,,,,1,,,,,,4,,6,5,2,,,,,,6,4,,,6,3,,,6,6,5,,,,,,,2,,,,,,5,4,,,4,6,7,7,6,5,6,7,7,7,,6,2,1,
R_bvl0Y7XfwYLSEuJ,Default Response Set,,2015-11-18 21:21:48,2015-11-18 21:34:52,,,,,1,0,53.0,5.888888888888889,0.3333333333333333,53001,1,1,5,5,1,12,2,4,,1,,1,1,,,,,,,4,2,2,2,2,2,2,2,3,,1,1,,,,,,,,,,,,3,2,,,,,,4,4,,5,3,6,5,,,6,,,,,2,,,,,,4,,,5,5,3,,,6,,4,6,,,,,,3,7,5,,7,,,,,,,5,6,6,6,6,6,6,6,6,,6,3,2,No
R_TpZlLXpYuYyMX7j,Default Response Set,,2015-11-18 21:27:46,2015-11-18 21:34:58,,,,,1,0,51.0,5.666666666666667,0.5,52056,1,1,4,3,1,10,2,4,,,,,1,,1,,,,,3,4,2,5,4,2,4,2,3,1,1,1,,,1,,,,,,,,,3,2,,,,,,4,4,,4,3,6,6,,6,,,,,,1,,,,,,,5,6,6,,3,5,,,,5,5,,,,,,1,,,,,,6,6,,6,,5,6,6,6,6,6,5,6,5,,6,2,1,
R_32W3FXnpWYBFTIX,Default Response Set,,2015-11-18 21:29:36,2015-11-18 21:35:03,,,,,1,0,34.0,3.7777777777777777,1.2018504251546631,73744,1,1,4,5,1,11,2,3,1,,,1,,,1,,,,,3,4,2,3,4,2,3,3,3,,,1,,1,,,1,,,,,,,3,2,,,,,,5,6,,4,2,,,,,,4,4,,5,1,,,,,6,5,4,,,,1,,,,,,,,,5,4,6,1,,,,,,4,,4,,4,3,4,4,6,3,3,2,5,4,1,6,3,2,no
R_3V3s3X8QWL45OVn,Default Response Set,,2015-11-18 21:22:11,2015-11-18 21:35:12,,,,,1,0,53.0,5.888888888888889,1.0540925533894598,83237,1,1,5,5,1,10,3,4,,,,1,,,,,1,,,2,2,3,1,2,3,1,2,2,,,,,,,1,,,,,,,,1,3,2,,3,,2,,,,,3,,5,,5,4,,,,,4,4,5,4,,,,,,,,2,,,,,,,4,,4,4,,4,6,6,,7,,,,,,,6,7,5,7,5,7,6,4,6,,6,2,2,Nice study
R_2qF78J3ukHy8Z0K,Default Response Set,,2015-11-18 21:26:47,2015-11-18 21:35:34,,,,,1,0,55.0,6.111111111111111,1.964971020425266,43051,1,1,5,2,1,10,3,2,,,,1,1,,,,1,,,3,3,3,4,2,3,3,2,3,1,,,,,,,1,,,,,,,2,1,,,,,,5,,5,4,2,,,,,,4,4,,4,2,,,,,4,5,,,,5,2,,,,,,,4,4,,5,,2,,,,,,5,4,,,4,6,7,7,7,7,7,7,6,7,,6,3,1,thanks
R_2VF54fpMqjAAtn9,Default Response Set,,2015-11-18 21:27:43,2015-11-18 21:35:46,,,,,1,0,24.0,2.6666666666666665,1.3228756555322954,78838,1,1,3,5,1,8,2,4,,,,1,1,,,1,,,,2,3,2,2,4,2,2,2,2,1,,1,,1,1,,,1,,1,,,,3,1,,,,,,4,,5,4,2,,,,,,4,4,,4,2,,,,,4,,4,,,5,3,,4,,6,,6,,,,,,3,,,7,6,5,,,,,,6,3,3,2,2,2,2,2,2,,6,3,3,None
R_2rV3umJmzWbw9vu,Default Response Set,,2015-11-18 21:18:14,2015-11-18 21:35:57,,,,,1,0,57.0,6.333333333333333,2.0,63882,1,1,4,3,1,7,1,4,,,,1,,1,1,,,,,1,4,3,2,1,1,2,2,5,,,1,,,,1,,1,,,,,5,3,4,,1,3,3,,,,,,2,,,,,,,4,4,4,2,,,,,5,4,,,,5,1,,,,,,,,,4,4,5,4,7,7,,7,,,,,,,7,7,7,7,7,7,7,7,7,,6,1,1,No
R_3kv6Qeo87cGLKC4,Default Response Set,,2015-11-18 21:28:36,2015-11-18 21:36:01,,,,,1,0,38.0,4.222222222222222,1.2018504251546631,34442,1,1,4,5,1,8,1,4,,,,,1,,,1,,,,5,4,2,2,2,1,2,2,3,,,,,,,,,1,1,1,,1,5,2,3,1,2,,,1,,,,,3,,5,5,6,,,,,,1,,,,,,,5,6,6,,3,4,4,,,,5,,,,,,3,7,5,6,,,,,,,,6,4,5,3,2,4,5,4,5,,6,1,1,Enjoyed the survey a lot since I am a huge Android fan.
R_1GBJ8OTGZXWd4AJ,Default Response Set,,2015-11-18 21:28:03,2015-11-18 21:36:17,,,,,1,0,46.0,5.111111111111111,0.3333333333333333,11857,1,2,5,3,1,10,3,4,1,,1,,1,,,,,,,4,3,3,2,2,2,2,3,3,,,1,1,,,,,1,1,,,,,3,3,,2,3,3,,,,,,2,,,,,,,5,4,5,2,,,,,,4,,5,6,,3,,,6,5,5,,,,,,,3,6,,,6,5,,,,,,6,5,5,5,5,5,5,5,5,,6,2,2,thanks
R_2VpR64Cy1QOXKvu,Default Response Set,,2015-11-18 21:28:48,2015-11-18 21:36:34,,,,,1,0,53.0,5.888888888888889,0.6009252125773316,64403,1,2,5,6,1,10,2,4,1,,,1,,,,1,,,,4,2,2,4,4,1,3,3,3,1,1,,,,,,1,,,,,,,3,4,3,,3,,2,,,,,4,,4,,5,6,,,,,1,,,,,,,5,5,5,,1,,,,,,,,4,,4,4,5,,,,,,,4,4,,4,6,6,6,6,6,6,5,7,5,,6,2,2,none
R_12GDve6GJkDeQFI,Default Response Set,,2015-11-18 21:18:40,2015-11-18 21:36:39,,,,,1,0,33.0,3.6666666666666665,0.7071067811865476,58239,1,1,4,4,1,10,2,4,,,,,1,1,1,,,,,5,4,2,4,2,3,2,2,3,1,,,,1,1,,1,1,,,,1,,3,1,,,,,,5,,5,5,3,6,5,5,,,,,,,1,,,,,5,5,,,,5,1,,,,,,,,,5,5,5,3,6,6,5,,,,,,,,5,3,4,4,3,3,3,4,4,,6,3,2,
R_1mPGUjj4MOHA1SO,Default Response Set,,2015-11-18 21:29:10,2015-11-18 21:36:50,,,,,1,0,45.0,5.0,0.0,11209,1,1,5,4,1,12,2,4,,,,1,,,,,,,,5,4,4,3,3,4,3,4,4,,,,,,,,,,1,,,,,2,1,,,,,,5,5,5,,1,,,,,,5,5,5,,1,,,,,5,,,,5,5,1,,,,,,,5,,5,,5,1,,,,,,5,5,,5,,5,5,5,5,5,5,5,5,5,,6,4,3,no
R_1dy34GRMb1dgDw3,Default Response Set,,2015-11-18 21:23:48,2015-11-18 21:36:52,,,,,1,0,56.0,6.222222222222222,1.986062547968831,23416,1,2,4,4,1,12,3,4,1,,,,,1,,,,1,I am very leary when I download any app,1,1,1,4,1,2,3,1,4,,1,1,1,,1,,,1,1,,,,,1,3,,1,,3,3,,,,,5,,,,,,,5,4,4,1,,,,,6,5,,,,5,1,,,,,,,,5,5,5,,5,,,,,,4,,4,,4,6,7,7,7,7,7,7,7,7,,6,2,1,I am excited to see this new version of android.!! Thanks I enjoyed the survey!!
R_24uuzngdBolRTIx,Default Response Set,,2015-11-18 21:28:49,2015-11-18 21:37:13,,,,,1,0,26.0,2.888888888888889,1.4529663145135578,84661,1,2,4,4,1,10,3,4,,,,1,1,,,,,,,4,2,2,4,2,2,2,2,2,,,,,1,,,,1,1,,,,,1,4,3,3,,3,,,,,,1,,,,,,,5,4,5,1,,,,,,,,5,5,5,5,,,,,,,4,,4,,4,2,,,,,,,5,4,,4,6,2,2,2,4,4,2,2,2,,6,2,1,
R_sHkeq6BXCBfcXa9,Default Response Set,,2015-11-18 21:27:47,2015-11-18 21:37:23,,,,,1,0,57.0,6.333333333333333,2.0,59661,1,2,6,4,1,6,1,2,,,1,1,,,1,,,,,2,2,5,2,1,3,3,1,1,,,,1,1,1,1,1,,,,,,3,3,1,,,,,,6,6,6,,1,,,,,,,5,5,5,1,,,,,6,,,,6,6,1,,,,,,,5,6,,,5,1,,,,,,6,5,,6,,7,7,7,7,7,7,7,7,7,,6,5,1,"Good survey, thanks!"
R_tDOpFSUBBXuT96N,Default Response Set,,2015-11-18 21:31:52,2015-11-18 21:37:26,,,,,1,0,39.0,4.333333333333333,1.3228756555322954,95073,1,1,4,3,1,9,2,3,,,1,,,,1,,1,,,4,2,2,4,2,2,3,2,4,1,1,,1,,,,,1,,1,,,,2,2,,,,,,,4,4,4,2,,,,,,5,,5,5,2,,,,,,4,4,4,,,3,,6,,5,5,,,,,,,2,,,,,,4,,,4,5,6,5,5,3,3,5,2,5,5,,6,3,2,I just don't want it using unnecessary features from my phone.
R_SBIxI8eQmMBPK5H,Default Response Set,,2015-11-18 21:28:16,2015-11-18 21:37:36,,,,,1,0,55.0,6.111111111111111,0.6009252125773316,16483,1,1,4,5,1,10,3,2,,,,,1,,1,,1,,,2,4,2,4,2,2,2,2,4,,,1,1,1,,,,1,1,1,,,,3,2,,,,,,4,4,,5,2,,,,,,,5,5,4,1,,,,,6,,,,5,6,3,5,,6,,,5,,,,,,2,,,,,,,4,4,,4,7,7,5,6,6,6,6,6,6,,6,2,2,
R_2ZX2AJvBakkE3OY,Default Response Set,,2015-11-18 21:29:53,2015-11-18 21:37:36,,,,,1,0,53.0,5.888888888888889,0.3333333333333333,16712,1,2,4,6,1,9,1,4,,1,,,1,1,,,,,,5,3,2,4,1,3,3,3,3,1,1,,,,1,1,1,,,,,1,3,2,1,,,,,,,5,5,5,1,,,,,,5,5,5,,1,,,,,5,,,5,5,,1,,,,,,,,5,5,5,,1,,,,,,5,,,5,5,5,6,6,6,6,6,6,6,6,,6,2,2,
R_2TXlfsZyUTiwaag,Default Response Set,,2015-11-18 21:15:56,2015-11-18 21:37:36,,,,,1,0,43.0,4.777777777777778,1.2018504251546631,43930,1,2,4,6,1,5,2,2,,1,,1,1,,,,,,,5,4,2,3,3,2,3,3,3,,,1,1,,1,,,1,1,,,,,2,2,,,,,,,4,5,4,2,,,,,,,4,4,5,2,,,,,4,,5,,4,,2,,,,,,,,4,4,5,,1,,,,,,,5,,4,4,6,5,4,2,5,6,5,5,5,,6,2,2,
R_2THOoRk97JgUXwe,Default Response Set,,2015-11-18 21:28:22,2015-11-18 21:37:47,,,,,1,0,48.0,5.333333333333333,0.5,27229,1,1,4,3,1,9,3,2,,,,,,,1,1,1,,,3,2,2,4,2,1,3,3,4,1,1,1,,,,,,,1,1,,1,,2,2,,,,,,4,,5,5,4,,6,,6,6,,,,,1,,,,,5,4,,,,5,4,5,6,,5,,,,,,,,3,,,6,6,5,,,,,,5,6,5,5,5,5,6,5,6,,6,3,2,
R_aY9dIVMORwrOVkR,Default Response Set,,2015-11-18 21:17:37,2015-11-18 21:37:49,,,,,1,0,52.0,5.777777777777778,0.6666666666666666,72362,1,2,4,5,1,9,2,2,,1,,1,1,,,,,,,4,2,2,3,2,2,2,2,3,,1,,,,1,,1,,1,,,,,2,3,2,3,,,3,,,,,3,,6,6,,6,,,,,2,,,,,4,,4,4,,,3,,,6,5,,6,,,,,,3,,7,7,,5,,,,,,6,6,6,6,4,6,6,6,6,,6,1,1,
R_1LczM6K6eDZDcN9,Default Response Set,,2015-11-18 21:32:49,2015-11-18 21:37:52,,,,,1,0,42.0,4.666666666666667,0.8660254037844386,39582,1,1,3,3,1,10,2,4,,1,,1,1,,,,,,,3,2,2,2,3,2,3,2,3,,1,1,,,,,,1,,,,,,2,2,,,,,,,5,5,5,2,,,,,,5,5,,5,2,,,,,,5,5,,5,,2,,,,,,,5,,5,5,,2,,,,,,5,5,,,5,3,5,6,5,5,4,4,5,5,,6,2,1,
R_3lWbKt92i4wrgCm,Default Response Set,,2015-11-18 21:28:21,2015-11-18 21:37:53,,,,,1,0,47.0,5.222222222222222,1.7159383568311668,62206,1,1,5,2,1,9,3,4,1,,,1,1,,,,,,,2,2,2,3,4,2,4,2,3,,1,,,,1,1,,,,,,,,2,1,,,,,,4,5,,5,3,,6,6,6,,,,,,2,,,,,,5,,6,5,,3,4,5,,,4,,,,,,,2,,,,,,4,4,4,,,6,6,5,6,5,5,7,6,7,,6,1,2,
R_Rz52mQC0FlGW4jT,Default Response Set,,2015-11-18 21:28:10,2015-11-18 21:38:21,,,,,1,0,45.0,5.0,1.118033988749895,11576,1,2,4,4,1,12,3,2,,,,1,1,,1,,,,,4,2,2,4,5,1,2,2,3,,,,1,,1,,,,1,,,1,,2,3,,,3,3,3,,,,,2,,,,,,,4,4,4,1,,,,,5,5,5,,,,3,,6,,4,4,,,,,,,4,,6,6,6,,,,,,,7,5,6,5,4,3,5,5,5,,6,3,5,
R_8J04QqzoxutfHAF,Default Response Set,,2015-11-18 21:22:31,2015-11-18 21:38:23,,,,,1,0,32.0,3.5555555555555554,1.509230856356236,40210,1,1,3,5,1,11,2,4,,1,,,1,,,1,,,,3,2,1,3,4,2,3,1,3,,,,,,1,,,,1,1,,,,2,2,,,,,,,4,5,4,3,,5,,5,4,,,,,2,,,,,4,4,4,,,,3,,,6,5,,5,,,,,,3,,,7,7,6,,,,,,3,2,6,4,5,5,2,3,2,1,6,2,3,The app should have very user friendly interface and it should have minimal number or registration or login steps. Most of the apps developed by google Inc will be a very good example when it comes to develop and app.
R_6zcPQvYo62RJCaB,Default Response Set,,2015-11-18 21:24:48,2015-11-18 21:38:31,,,,,1,0,49.0,5.444444444444445,1.740051084818425,96939,1,1,5,5,1,10,2,4,,,1,1,1,,,,,,,4,2,2,3,4,1,4,2,2,1,,1,,,,1,1,,1,,,1,,2,2,,,,,,4,4,4,,3,6,6,,,6,,,,,1,,,,,,5,5,5,,,3,,,6,6,5,,,,,,,3,7,6,,6,,,,,,,5,6,6,6,6,6,6,7,7,,6,5,1,no
R_25Tr8gdJCqRI1a6,Default Response Set,,2015-11-18 21:23:48,2015-11-18 21:38:34,,,,,1,0,53.0,5.888888888888889,1.964971020425266,95406,1,2,3,3,1,9,2,2,,,,1,1,1,,,,,,5,3,2,4,1,2,2,4,3,,1,,,1,1,1,,,1,,,1,,2,1,,,,,,4,5,,5,1,,,,,,5,4,,5,1,,,,,,5,,5,,5,1,,,,,,,,4,5,,5,2,,,,,,5,,,4,5,5,7,7,6,6,7,7,7,7,,6,2,1,
R_1ff50eN1fBfxJnm,Default Response Set,,2015-11-18 21:23:22,2015-11-18 21:38:38,,,,,1,0,50.0,5.555555555555555,0.8819171036881969,81845,1,2,3,5,1,9,3,4,,1,,1,,,,,1,,,5,5,4,5,2,2,3,2,2,,,,,,,1,,,,,,,,3,3,2,3,,3,,,,,,3,6,,6,,6,,,,,2,,,,,6,6,,,,6,3,,,6,,4,5,,,,,,2,,,,,,,5,4,5,,5,7,7,5,5,6,5,5,5,,6,3,1,"Because there are so many apps that do the same thing, I also try to find apps that do the most in any particular area."
R_1HbFQ9ux85g46T4,Default Response Set,,2015-11-18 21:20:45,2015-11-18 21:38:41,,,,,1,0,51.0,5.666666666666667,1.0,59441,1,2,4,4,1,12,3,4,,,,1,1,1,,,,,,3,2,2,5,4,1,3,2,4,1,1,,,1,,1,,1,,,,,,2,4,,1,3,,2,,,,,3,6,4,,6,,,,,,1,,,,,6,,,5,,4,5,,,,,,,4,,,4,4,3,,,7,7,6,,,,,,5,6,7,4,5,5,7,6,6,,6,5,2,N/A
R_2WOwzGr8xOcyXBw,Default Response Set,,2015-11-18 21:24:18,2015-11-18 21:38:47,,,,,1,0,19.0,2.111111111111111,0.3333333333333333,91585,1,2,5,5,1,8,2,2,,1,,,1,,1,,,,,1,3,1,3,3,2,3,1,2,,,,1,1,,,1,,1,,,1,,3,5,,,,,,4,4,4,,2,,,,,,4,,4,5,5,,,,,5,4,,,,5,2,,,,,,,4,,5,5,,2,,,,,,,5,5,,4,3,2,2,2,2,2,2,2,2,,6,5,5,No
R_3HpkpRcQPreqB8W,Default Response Set,,2015-11-18 21:20:55,2015-11-18 21:38:54,,,,,1,0,55.0,6.111111111111111,0.7817359599705717,30706,1,1,4,4,1,9,1,4,1,,,1,,,,,1,,,1,2,2,4,1,2,2,2,3,,1,1,1,,1,1,,,1,,,,2,3,1,,,,,,,5,5,4,1,,,,,,,4,5,5,1,,,,,,,4,6,4,,3,,,,6,4,6,,,,,,2,,,,,,4,,5,,5,7,6,6,7,5,5,6,7,6,,6,1,1,"You pretty much covered everything. I'm exceedingly paranoid so my considerations all involve my paranoia - which may not be paranoia, if you think about it. Good luck in your research."
R_Cmr4E0k7fLteIZr,Default Response Set,,2015-11-18 21:33:37,2015-11-18 21:39:03,,,,,1,0,60.0,6.666666666666667,0.5,57786,1,1,4,3,1,11,3,1,,1,,1,1,,,,,,,2,4,5,2,1,2,3,2,4,1,,1,,,,1,,1,,1,,,,2,2,,,,,,4,4,,5,1,,,,,,4,4,4,,1,,,,,6,,,6,,4,3,4,,6,,4,,,,,,,3,7,,,6,6,,,,,,7,7,7,7,6,6,7,7,6,1,6,5,2,
R_1FlJXKGLl08bjeX,Default Response Set,,2015-11-18 21:27:47,2015-11-18 21:39:19,,,,,1,0,39.0,4.333333333333333,1.0,35187,1,2,5,5,1,8,3,4,,,,,1,,1,,1,,,2,2,1,2,4,1,2,1,2,,,1,,,,,,,1,,,,,3,3,,3,,3,2,,,,,3,,,6,6,6,,,,,1,,,,,,5,5,6,,,1,,,,,,,,4,,5,4,3,,6,,7,6,,,,,,5,5,5,3,3,3,5,5,5,,6,2,2,No
R_1gCR0bKnDaYN4Uc,Default Response Set,,2015-11-18 21:29:00,2015-11-18 21:39:30,,,,,1,0,56.0,6.222222222222222,1.986062547968831,41466,1,1,5,5,1,10,1,4,,,,1,1,1,,,,,,4,4,4,2,2,3,3,5,5,1,1,,,,1,1,1,,,,,,6,2,2,,,,,,5,5,,4,1,,,,,,5,6,,5,2,,,,,5,,,,6,6,5,,,,,,,5,4,,,4,1,,,,,,5,5,4,,,6,7,7,7,7,7,7,7,7,,6,2,1,no
R_3lAGdL0PEAfZIS7,Default Response Set,,2015-11-18 21:26:34,2015-11-18 21:39:32,,,,,1,0,55.0,6.111111111111111,1.964971020425266,30219,1,2,5,3,1,10,2,4,,,,,1,1,,,1,,,4,4,1,5,1,4,3,1,3,,,1,,1,,,,1,1,,,,,2,4,2,1,,3,,,,,,4,6,,6,6,,,,,,4,6,,6,6,,,,,,,2,,,,,,,4,4,,,5,2,,,,,,5,,,6,4,6,7,7,6,7,7,7,7,7,,6,2,1,The more unknown/unfamiliar the company is the more wary I am about installing a app with lots of permissions. Especially if they don;t seem necessary for the app to run.
R_OoMff1N1X81kA4p,Default Response Set,,2015-11-18 21:33:07,2015-11-18 21:39:36,,,,,1,0,48.0,5.333333333333333,0.5,36302,1,2,3,3,1,8,3,4,,,,1,1,1,,,,,,4,3,2,2,2,2,3,2,3,,1,,,1,1,,,,1,,,1,,2,3,2,2,,,3,,,,,2,,,,,,5,,5,5,1,,,,,,5,5,,,5,1,,,,,,,,,5,5,5,1,,,,,,5,,5,5,,6,6,5,5,5,5,6,5,5,,6,2,1,no
R_zVinD0bG1gIT6AV,Default Response Set,,2015-11-18 21:32:12,2015-11-18 21:39:57,,,,,1,0,47.0,5.222222222222222,0.6666666666666666,58473,1,1,5,6,1,5,2,4,,,,1,,1,,,1,,,2,3,3,4,2,4,2,3,3,1,,1,,,,1,,1,,1,,,,5,1,,,,,,5,5,5,,2,,,,,,,4,5,5,1,,,,,,5,5,,5,,1,,,,,,,,,5,5,5,1,,,,,,5,5,5,,,4,5,5,5,5,5,6,6,6,,6,2,1,
R_2TMdKu97ZmfMRnD,Default Response Set,,2015-11-18 21:26:14,2015-11-18 21:40:06,,,,,1,0,37.0,4.111111111111111,0.7817359599705717,79311,1,2,5,3,1,12,3,4,,,,1,,1,,1,,,,5,2,2,4,2,3,3,2,3,,,,,,,,,,1,,,1,,2,2,,,,,,5,5,5,,5,,,,,,,4,4,4,1,,,,,6,,5,5,,,2,,,,,,,5,5,,4,,5,,,,,,,5,,4,5,5,5,5,4,4,3,3,4,4,,6,2,1,none
R_3hg9DEjtAlUSjzQ,Default Response Set,,2015-11-18 21:25:11,2015-11-18 21:40:14,,,,,1,0,53.0,5.888888888888889,0.3333333333333333,97282,1,1,5,5,1,10,2,2,1,,,1,,1,,,,,,4,2,2,2,4,2,3,2,3,1,,,,1,,1,1,,,1,,1,,3,1,,,,,,5,5,,5,2,,,,,,5,,4,5,2,,,,,,,4,4,6,,3,5,,,6,4,,,,,,,2,,,,,,,,4,6,5,6,6,6,6,6,6,6,5,6,,6,1,2,none
R_1KjR87JbbW3BJja,Default Response Set,,2015-11-18 21:24:03,2015-11-18 21:40:50,,,,,1,0,42.0,4.666666666666667,0.8660254037844386,67895,1,2,4,2,1,10,3,3,,,,1,,1,,1,,,,2,2,2,4,2,2,3,3,3,1,,1,,,,,1,1,1,1,,,,3,2,,,,,,,5,6,5,2,,,,,,4,5,4,,1,,,,,,,,5,5,5,2,,,,,,,4,,5,5,,5,,,,,,4,,4,,4,5,5,6,4,3,4,5,5,5,,6,3,2,
R_2aG26DnZ73icQMu,Default Response Set,,2015-11-18 21:19:51,2015-11-18 21:40:55,,,,,1,0,55.0,6.111111111111111,0.6009252125773316,36222,1,1,6,3,1,7,2,4,,,,1,1,,,,,1,resource & space required,2,3,4,2,2,2,3,4,4,,1,1,1,,1,,,1,1,,,,,3,2,,,,,,4,4,6,,2,,,,,,4,,4,4,1,,,,,6,5,,,,4,2,,,,,,,4,,4,5,,2,,,,,,4,4,5,,,7,6,5,6,6,7,6,6,6,,6,3,2,"not choosing the flashligh app because it accesses the camera sounds smart if you value your privacy. the problem is the camera controls the flash, which the flashlight app needs!\the real problem is how much control the app has over the camera. can it silently take images and upload them to an unknown server? nobody knows, the permissions don't have those kinds of restrictions. google and apple know this, so I am not sure why they only give blanket permissions, when they know what users are really worried about."
R_ANgx54z8LrBVr45,Default Response Set,,2015-11-18 21:33:28,2015-11-18 21:40:56,,,,,1,0,54.0,6.0,0.0,16429,1,2,4,5,1,8,2,4,,,,1,,1,,1,,,,5,2,3,4,2,2,3,3,3,,1,,,,1,1,,,1,,,,,2,2,,,,,,4,4,,4,2,,,,,,4,4,4,,1,,,,,,5,5,,6,,1,,,,,,,5,,5,,5,2,,,,,,5,5,4,,,6,6,6,6,6,6,6,6,6,,6,2,1,none
R_23HnZp7scZBk2Kl,Default Response Set,,2015-11-18 21:18:17,2015-11-18 21:40:55,,,,,1,0,52.0,5.777777777777778,0.44095855184409843,41637,1,2,5,4,1,5,2,4,,,,1,1,1,,,,,,5,2,3,3,1,3,2,3,3,,1,,1,1,1,,,,,1,,1,,2,1,,,,,,6,6,,6,1,,,,,,6,6,6,,1,,,,,,,6,4,4,,1,,,,,,,6,,6,6,,1,,,,,,6,6,,6,,6,5,6,5,6,6,6,6,6,,6,2,1,No.
R_sbdt47ad7j34xk5,Default Response Set,,2015-11-18 21:32:39,2015-11-18 21:41:06,,,,,1,0,58.0,6.444444444444445,0.7264831572567789,22955,1,1,5,5,1,10,2,4,,1,,,1,1,,,,,,2,3,4,4,2,3,2,3,3,,1,,,1,1,,1,,1,,,1,,2,2,,,,,,4,5,,4,3,,5,6,,6,,,,,1,,,,,,5,,,6,4,3,,5,,6,,5,,,,,,3,,,7,5,6,,,,,,7,7,7,7,5,7,6,6,6,,6,2,1,
R_1QsWXqSui5PqOdx,Default Response Set,,2015-11-18 21:28:09,2015-11-18 21:41:13,,,,,1,0,55.0,6.111111111111111,2.0275875100994063,41997,1,2,3,4,1,10,2,3,1,,,,1,,,1,,,,3,2,2,3,1,2,4,2,3,,,1,1,,,,,,1,,,,,3,2,,,,,,4,,5,4,1,,,,,,5,6,6,,1,,,,,,6,,,6,5,1,,,,,,,5,6,5,,,1,,,,,,6,,,6,5,5,7,7,7,7,7,7,7,7,,6,5,2,"Most of the time that I look for apps to install, they are either game apps or utility apps. And ratings is the one thing I ALWAYS consider!"
R_30v1HdVUUbhqMQE,Default Response Set,,2015-11-18 21:29:18,2015-11-18 21:41:18,,,,,1,0,49.0,5.444444444444445,0.7264831572567789,84514,1,1,4,5,1,8,3,4,,1,,1,,,,1,,,,2,2,1,2,2,2,3,2,2,,,1,,,,,1,,,,,1,,3,2,,,,,,4,4,6,,1,,,,,,,5,5,5,1,,,,,5,,,6,6,,1,,,,,,,,,5,5,5,1,,,,,,,5,5,6,,4,6,5,5,6,5,6,6,6,,6,3,2,no
R_DFOHu9GDEbKpgIN,Default Response Set,,2015-11-18 21:24:37,2015-11-18 21:41:33,,,,,1,0,35.0,3.888888888888889,1.6914819275153699,16809,1,2,3,2,1,8,2,4,,1,,1,1,,,,,,,2,2,4,2,4,1,2,2,3,,,,,1,1,,,,1,,,1,,3,4,,2,3,3,,,,,,3,,6,,5,6,,,,,2,,,,,4,5,4,,,,1,,,,,,,5,4,4,,,4,6,,7,,6,,,,,,7,3,3,2,2,5,3,5,5,,6,1,2,
R_UY1dQgcnXOSvSW5,Default Response Set,,2015-11-18 21:29:44,2015-11-18 21:41:53,,,,,1,0,48.0,5.333333333333333,1.0,76574,1,1,4,4,1,9,3,4,,1,,,1,,1,,,,,4,2,2,3,2,3,2,2,2,1,,,,,,,1,,,,,1,,3,2,,,,,,,5,6,5,2,,,,,,5,5,4,,2,,,,,5,4,,6,,,1,,,,,,,,5,5,4,,1,,,,,,,5,,6,5,3,6,6,5,5,5,6,6,6,,6,3,1,none
R_2VqNJOUanCp6iw8,Default Response Set,,2015-11-18 21:35:04,2015-11-18 21:42:02,,,,,1,0,29.0,3.2222222222222223,1.2018504251546631,23262,1,1,4,5,1,9,2,4,1,,,1,1,,,,,,,4,3,3,2,3,2,3,3,3,,,1,,,,,,,,,,,,3,3,2,,3,,1,,,,,5,,,,,,4,5,,4,2,,,,,4,4,,,,5,2,,,,,,,,5,5,,5,3,,5,,6,6,,,,,,6,3,3,3,2,2,4,3,3,,6,2,1,
R_3NV7CVgcvtiQSRi,Default Response Set,,2015-11-18 21:32:21,2015-11-18 21:42:05,,,,,1,0,54.0,6.0,1.9364916731037085,67078,1,2,5,3,1,10,2,4,,,,,,,1,,1,,,2,3,1,2,2,3,2,1,2,1,,1,,,,1,,1,,,,,,3,4,2,,3,,2,,,,,2,,,,,,,5,4,4,2,,,,,4,,,4,4,,3,6,,,6,,6,,,,,,3,,6,6,,6,,,,,,7,6,6,6,7,7,7,7,7,,6,5,2,
R_7a0zspHJpgGQPw5,Default Response Set,,2015-11-18 21:26:54,2015-11-18 21:42:33,,,,,1,0,24.0,2.6666666666666665,1.0,53773,1,2,5,5,1,10,2,4,,,,1,1,,,1,,,,2,2,1,3,2,2,3,2,3,1,,,1,,,,1,1,,,,,,3,3,3,1,,3,,,,,,1,,,,,,,5,5,5,1,,,,,5,,4,,4,,5,,,,,,,4,,,4,4,3,7,,7,6,,,,,,,5,2,3,2,3,2,2,3,2,,6,1,2,
R_1IMcGSnLh3L8AEo,Default Response Set,,2015-11-18 21:31:28,2015-11-18 21:42:41,,,,,1,0,43.0,4.777777777777778,0.6666666666666666,12022,1,1,4,6,1,9,1,3,,,,1,1,,,1,,,,3,1,2,3,2,2,2,2,3,,,1,,,,,,,,,,,3,2,3,1,1,,3,,,,,,3,6,5,,,5,,,,,3,4,4,,5,,,,,,,3,,4,,4,4,,,,,,,3,,,5,6,6,,,,,,5,6,5,5,4,5,5,4,4,,6,3,2,Easy and useful
R_dhsPNNqKTHs2YdH,Default Response Set,,2015-11-18 21:34:31,2015-11-18 21:42:43,,,,,1,0,47.0,5.222222222222222,0.44095855184409843,30819,1,2,5,4,1,9,2,4,,,1,1,,,,,,,,4,2,2,3,2,2,3,2,3,1,1,,,,1,1,1,,,1,,,,2,2,,,,,,5,5,6,,1,,,,,,5,5,4,,1,,,,,,5,,5,,5,2,,,,,,,4,5,,4,,3,7,7,,6,,,,,,,5,5,5,6,5,5,5,5,6,,6,2,1,No comments
R_2E9S36ETJVNvQ8y,Default Response Set,,2015-11-18 21:33:42,2015-11-18 21:43:05,,,,,1,0,50.0,5.555555555555555,1.740051084818425,64793,1,2,4,3,1,10,1,4,,,,,1,,,,1,1,Price,4,2,2,2,1,4,2,3,3,,,1,,,,,1,1,1,,,1,4,2,1,,,,,,5,,5,5,1,,,,,,,5,5,5,1,,,,,5,5,,,,5,1,,,,,,,5,,5,,5,1,,,,,,5,5,,5,,6,6,6,6,6,6,7,6,7,,6,2,2,
R_1pxwiWsybQG2Oi9,Default Response Set,,2015-11-18 21:36:20,2015-11-18 21:43:10,,,,,1,0,36.0,4.0,1.4142135623730951,62524,1,1,4,6,1,9,2,2,,1,,,1,,,1,,,,2,2,3,2,4,2,3,3,2,1,,,1,,,,,,,,,,,2,1,,,,,,5,,5,5,2,,,,,,,5,5,5,2,,,,,,,5,5,,5,2,,,,,,,5,,5,5,,1,,,,,,5,,5,,5,5,2,3,5,4,5,2,4,6,,6,3,4,nice study
R_3z80fHyORIJNuMN,Default Response Set,,2015-11-18 21:30:32,2015-11-18 21:43:16,,,,,1,0,54.0,6.0,0.0,74268,1,1,5,5,1,7,1,4,1,,,,,,,1,1,,,4,2,2,2,2,2,3,2,2,,1,,,,1,,1,,1,,,1,5,2,2,,,,,,4,4,6,,2,,,,,,4,4,,4,2,,,,,5,,,5,,5,2,,,,,,,5,,5,,5,2,,,,,,5,,5,,5,6,6,6,6,6,6,6,6,6,,6,2,2,
R_31sWwrNCGStBwYG,Default Response Set,,2015-11-18 21:30:33,2015-11-18 21:43:20,,,,,1,0,51.0,5.666666666666667,0.7071067811865476,91087,1,2,4,2,1,10,2,2,,1,,,,,1,,1,,,4,2,2,3,2,4,2,2,3,,,1,,,,1,,,,,,,,3,2,,,,,,5,5,6,,2,,,,,,5,4,,5,2,,,,,5,,5,,,5,2,,,,,,,5,4,4,,,2,,,,,,5,,4,6,,5,6,6,5,7,6,5,6,5,,6,2,2,
R_vVv2G5maLDzXyvf,Default Response Set,,2015-11-18 21:35:40,2015-11-18 21:43:35,,,,,1,0,52.0,5.777777777777778,0.44095855184409843,48364,1,1,4,3,1,9,2,4,,1,,,,1,,1,,,,3,2,2,4,1,2,2,3,4,,1,,,1,1,,,,,,,1,,3,1,,,,,,4,4,5,,1,,,,,,4,5,,4,2,,,,,5,,,,6,5,3,6,6,,,4,,,,,,,2,,,,,,5,4,4,,,6,6,6,6,5,5,6,6,6,,6,2,2,Interesting survey!
R_2v68KchMC9UomyE,Default Response Set,,2015-11-18 21:35:31,2015-11-18 21:43:44,,,,,1,0,57.0,6.333333333333333,1.0,33748,1,1,4,3,1,5,1,3,1,,1,1,,,,,,,,5,3,2,4,1,2,2,3,3,1,,,,,,1,1,1,1,,,,4,2,2,,,,,,4,,5,4,4,,4,6,6,,,,,,2,,,,,,,4,5,4,,1,,,,,,,5,,4,5,,3,,7,5,,5,,,,,,7,7,7,6,7,6,4,7,6,,6,2,1,"I'm actually very careful about installing anything on any device, especially when I don't know exactly where it's coming from."
R_e4jO63y7lrHFy01,Default Response Set,,2015-11-18 21:35:10,2015-11-18 21:43:52,,,,,1,0,45.0,5.0,0.7071067811865476,44744,1,1,4,6,1,12,3,4,,1,,,,,,1,1,,,4,2,2,2,4,2,2,2,3,,,1,,,,,1,1,1,1,,,,2,5,,,,,,,4,4,4,1,,,,,,4,,5,5,1,,,,,,,,4,4,4,1,,,,,,,6,4,4,,,1,,,,,,,,4,4,5,5,5,6,5,5,4,5,6,4,,6,2,2,
R_cYEMc17gpsQtHnf,Default Response Set,,2015-11-18 21:24:29,2015-11-18 21:44:02,,,,,1,0,51.0,5.666666666666667,0.8660254037844386,91076,1,1,4,2,1,9,2,3,,,,1,1,,,,1,,,3,2,2,3,3,2,4,3,3,1,,1,,1,,,,1,,,,,,1,1,,,,,,,5,5,5,2,,,,,,5,,5,5,2,,,,,,5,,,6,5,2,,,,,,,5,5,,5,,2,,,,,,,5,,6,5,5,5,5,5,6,7,7,6,5,,6,5,1,None
R_1TYDf94wnFq11cJ,Default Response Set,,2015-11-18 21:35:07,2015-11-18 21:44:14,,,,,1,0,45.0,5.0,0.0,11605,1,2,4,5,1,12,2,4,,1,,,1,,1,,,,,2,2,2,2,2,2,1,3,2,1,1,1,1,,,,,,,,,,,3,2,,,,,,4,,4,4,3,,5,5,,5,,,,,2,,,,,,,4,5,,5,2,,,,,,,,4,,5,4,3,5,5,,5,,,,,,,5,5,5,5,5,5,5,5,5,,6,3,2,
R_r7tqI4LhPHDcSqZ,Default Response Set,,2015-11-18 21:33:17,2015-11-18 21:44:46,,,,,1,0,53.0,5.888888888888889,0.3333333333333333,68001,1,1,4,4,1,1,3,3,,,1,1,,,,,1,,,3,2,2,4,2,2,3,2,3,,,1,,1,,,,1,1,,,,,2,2,,,,,,5,,6,5,2,,,,,,5,,4,4,4,6,6,,5,,,,,,,2,,,,,,,4,5,4,,,3,,,5,6,5,,,,,,5,6,6,6,6,6,6,6,6,,6,3,2,no comments
R_3POb2Z6qKAegufM,Default Response Set,,2015-11-18 21:25:15,2015-11-18 21:44:50,,,,,1,0,50.0,5.555555555555555,0.7264831572567789,35121,1,1,4,5,1,10,2,4,,1,,,1,1,,,,,,4,2,1,2,4,1,3,2,3,,,1,,1,1,,,,1,,,1,,3,2,,,,,,4,,5,4,2,,,,,,4,5,,4,1,,,,,,,,6,5,5,5,,,,,,,4,5,,5,,3,7,,,6,6,,,,,,7,5,5,5,5,5,6,6,6,,6,3,2,no
R_11dvlfsiZXnAvrp,Default Response Set,,2015-11-18 21:22:21,2015-11-18 21:44:53,,,,,1,0,50.0,5.555555555555555,0.7264831572567789,48525,1,1,5,5,1,9,2,4,,,,1,1,1,,,,,,4,3,2,4,2,2,3,2,4,1,,1,,1,1,,,,,1,,,,3,2,,,,,,,5,4,4,2,,,,,,4,4,,4,1,,,,,,5,5,,,5,2,,,,,,,,5,6,,5,3,6,6,7,,,,,,,,7,5,5,5,5,5,6,6,6,,6,2,2,Nice survey!
R_2VJGwqLOltEhztB,Default Response Set,,2015-11-18 21:30:02,2015-11-18 21:44:57,,,,,1,0,41.0,4.555555555555555,0.7264831572567789,58634,1,1,4,5,1,8,1,2,,1,,1,1,,,,,,,2,2,2,2,4,2,4,2,3,1,,1,,,,,1,,1,,,,4,3,3,2,3,3,,,,,,,3,,5,5,6,,,,,,2,,,,,,5,5,5,,,3,5,5,6,,,,,,,,,2,,,,,,,4,,4,4,5,4,5,3,5,4,5,5,5,,6,3,3,
R_1GNNVo47NTDr7Ur,Default Response Set,,2015-11-18 21:27:49,2015-11-18 21:45:09,,,,,1,0,56.0,6.222222222222222,0.44095855184409843,14743,1,1,5,5,1,8,3,1,,1,,,,,1,1,,,,3,3,2,3,2,2,3,3,3,,1,,,,1,1,,,,,,,,2,1,,,,,,4,5,,5,1,,,,,,5,,5,5,2,,,,,5,,,6,,5,1,,,,,,,4,,4,5,,2,,,,,,,5,4,,5,6,7,6,6,6,6,7,6,6,,6,3,2,
R_1OqwB9uIldQTRah,Default Response Set,,2015-11-18 21:33:33,2015-11-18 21:45:16,,,,,1,0,43.0,4.777777777777778,0.44095855184409843,37801,1,1,4,3,1,10,2,3,,1,1,1,,,,,,,,5,3,2,3,3,3,3,2,3,1,,,1,,1,1,,,,,,,,3,2,,,,,,4,5,4,,3,,5,5,,6,,,,,1,,,,,5,5,4,,,,3,6,,,,4,6,,,,,,3,6,,7,,6,,,,,,5,4,5,4,5,5,5,5,5,,6,2,1,
R_3QEulZlEE7g9qhr,Default Response Set,,2015-11-18 21:34:19,2015-11-18 21:45:41,,,,,1,0,34.0,3.7777777777777777,0.97182531580755,35635,1,2,6,5,1,9,3,4,,,,1,1,,,,1,,,5,3,2,4,2,1,3,2,3,,,,,,1,,,,,,,,,3,3,,1,3,3,,,,,,2,,,,,,5,6,5,,1,,,,,6,6,,,5,,2,,,,,,,,5,,5,5,3,7,6,,7,,,,,,,5,4,5,2,3,3,4,4,4,,6,2,2,
R_2RVOZeS2v6jzc8E,Default Response Set,,2015-11-18 21:32:06,2015-11-18 21:46:37,,,,,1,0,43.0,4.777777777777778,1.3017082793177757,62176,1,2,6,2,1,12,3,4,,,,1,1,,,,1,,,2,3,2,3,2,2,2,3,3,,,,,,,1,,,,,,,,2,2,,,,,,4,4,4,,1,,,,,,5,5,5,,1,,,,,,,5,5,,5,1,,,,,,,5,5,,,5,1,,,,,,,5,,6,5,7,4,5,3,3,5,5,5,6,,6,3,5,None
R_2rCwbBAobHQgpLD,Default Response Set,,2015-11-18 21:34:37,2015-11-18 21:47:03,,,,,1,0,47.0,5.222222222222222,0.44095855184409843,54834,1,1,7,5,1,12,3,1,,,1,1,,,,,1,,,2,2,2,3,2,2,2,2,3,,1,1,,,1,,,1,1,,,,,3,3,,,3,3,2,,,,,2,,,,,,,5,4,4,2,,,,,5,5,,,6,,2,,,,,,,,,4,5,4,2,,,,,,4,,4,,4,5,5,6,6,5,5,5,5,5,,6,2,2,It is rather new to me so I am considerng myself a neebie and am soaking up all the info I can to make good choices when installing apps.
R_2CNYCG4ODShs7Gp,Default Response Set,,2015-11-18 21:27:23,2015-11-18 21:47:14,,,,,1,0,56.0,6.222222222222222,0.44095855184409843,57848,1,2,5,5,1,8,2,4,,,,1,1,1,,,,,,4,4,4,2,2,2,2,3,3,,,1,,,,,,,1,,,1,,2,2,,,,,,4,,4,5,1,,,,,,5,5,5,,2,,,,,5,,,4,,5,2,,,,,,,,4,,4,5,2,,,,,,5,,4,4,,6,7,6,6,7,6,6,6,6,,6,2,1,
R_2eVhhHhebmhoc74,Default Response Set,,2015-11-18 21:37:43,2015-11-18 21:47:16,,,,,1,0,53.0,5.888888888888889,1.90029237516523,58026,1,1,3,5,1,11,2,3,,,1,,1,,,,1,,,2,1,2,3,2,2,3,2,3,1,1,,,1,,,,1,,,,,,3,2,,,,,,4,4,5,,2,,,,,,,5,5,4,1,,,,,,6,,,4,5,2,,,,,,,4,,4,4,,2,,,,,,4,4,,,5,6,7,7,7,7,6,6,6,7,1,6,2,1,None.
R_sBbxjAc7O26Q33b,Default Response Set,,2015-11-18 21:37:55,2015-11-18 21:47:34,,,,,1,0,45.0,5.0,0.8660254037844386,91917,1,2,5,3,1,8,3,2,,,1,1,,,,1,,,,5,3,3,4,2,2,3,3,3,,,1,,,1,,,,1,,,,,2,1,,,,,,4,5,,4,1,,,,,,5,,5,5,1,,,,,5,,5,6,,,1,,,,,,,4,4,,,5,1,,,,,,,,4,4,5,6,5,5,4,4,4,5,6,6,,6,3,2,"No, thank you."
R_1cUEXw8KQXuZJia,Default Response Set,,2015-11-18 21:32:12,2015-11-18 21:47:40,,,,,1,0,46.0,5.111111111111111,0.7817359599705717,33434,1,1,4,2,1,9,2,4,,,,1,1,,,,1,,,2,2,2,2,2,4,3,1,1,,1,1,,,1,,,1,,,,,,3,2,,,,,,,4,6,4,1,,,,,,4,,4,5,1,,,,,,5,,,6,5,2,,,,,,,4,5,,,5,1,,,,,,5,,5,6,,5,7,5,5,5,4,5,5,5,,6,3,1,
R_2Wx0osoXmiNmmrs,Default Response Set,,2015-11-18 21:33:55,2015-11-18 21:48:13,,,,,1,0,43.0,4.777777777777778,1.092906420717,68986,1,1,4,2,1,9,2,4,,,,,,,,,1,,,4,3,3,4,2,3,3,3,4,,,1,,,1,,1,,1,1,,1,,1,2,,,,,,4,5,4,,2,,,,,,5,5,,5,2,,,,,,4,,,6,5,2,,,,,,,4,,4,,5,1,,,,,,5,5,,,5,3,5,6,5,3,5,6,5,5,,6,1,1,None
R_11bUcj4dyhJ86Yu,Default Response Set,,2015-11-18 21:30:18,2015-11-18 21:49:15,,,,,1,0,54.0,6.0,0.0,13624,1,2,5,5,1,11,1,4,1,,1,,,,,,,,,2,2,2,4,2,2,3,2,2,,,,,,,,,1,,,,,1,3,2,,,,,,6,,6,6,2,,,,,,4,4,4,,2,,,,,6,6,,,6,,2,,,,,,,6,6,,6,,1,,,,,,6,6,6,,,6,6,6,6,6,6,6,6,6,1,6,3,2,
R_2pWXhPoaUeuGdBb,Default Response Set,,2015-11-18 21:32:08,2015-11-18 21:49:43,,,,,1,0,57.0,6.333333333333333,2.0,33687,1,1,5,2,1,9,2,2,1,,,1,1,,,,,,,4,3,3,4,3,2,2,3,5,1,,,,1,1,,,1,1,,,1,,2,3,,3,1,3,,,,,,2,,,,,,4,5,4,,2,,,,,,6,5,4,,,1,,,,,,,,4,5,,6,2,,,,,,,4,,5,4,7,7,7,7,7,7,7,7,7,,6,2,1,
R_2y3AZ2slBbDN0rP,Default Response Set,,2015-11-18 21:27:05,2015-11-18 21:50:14,,,,,1,0,50.0,5.555555555555555,0.5270462766947299,21347,1,1,4,5,1,8,1,3,,,1,,1,,,1,,,,4,2,2,2,2,2,2,2,2,1,1,,,,1,1,1,,,,,1,2,3,3,,3,3,,3,,,,,3,6,6,6,,,,,,,1,,,,,6,,4,4,,,2,,,,,,,,4,4,,5,3,7,,5,7,,,,,,,6,5,6,5,5,5,6,6,6,,6,2,2,none
R_PXm63eqADvFeyjL,Default Response Set,,2015-11-18 21:44:14,2015-11-18 21:50:25,,,,,1,0,55.0,6.111111111111111,1.964971020425266,67466,1,1,4,5,1,11,2,2,,,,,,1,1,,,,,1,1,5,5,4,5,3,5,5,1,,,,,1,1,,,1,,,,,3,1,,,,,,,6,6,6,1,,,,,,5,,5,5,1,,,,,5,,5,5,,,1,,,,,,,,5,,5,5,1,,,,,,5,,5,5,,7,7,7,6,6,7,7,7,7,1,6,4,4,no
R_3mgHR2YDSdO5FNq,Default Response Set,,2015-11-18 21:42:07,2015-11-18 21:50:41,,,,,1,0,36.0,4.0,1.4142135623730951,65167,1,2,5,5,1,9,2,3,,,,,,1,,,1,,,4,3,3,4,2,2,3,3,4,,,1,,,,,,,,,,,,3,1,,,,,,,5,6,5,2,,,,,,4,4,4,,1,,,,,,5,,,5,5,1,,,,,,,4,,4,4,,1,,,,,,,5,4,,4,6,5,5,2,3,2,4,5,4,,6,2,1,No
R_3gg8vQeecWAwuZj,Default Response Set,,2015-11-18 21:33:51,2015-11-18 21:50:42,,,,,1,0,48.0,5.333333333333333,0.8660254037844386,21020,1,1,3,3,1,11,2,1,,,,1,,1,,1,,,,5,3,2,4,2,5,3,2,3,1,,,1,1,,1,,1,1,,,,,2,3,2,,,3,3,,,,,2,,,,,,4,5,4,,1,,,,,,6,,6,6,,2,,,,,,,,4,4,4,,5,,,,,,,4,6,4,,7,6,6,5,4,5,5,5,5,1,6,2,2,
R_pSfjWNGxKQdT5Ul,Default Response Set,,2015-11-18 21:27:55,2015-11-18 21:51:08,,,,,1,0,49.0,5.444444444444445,1.8104634152000358,34231,1,1,3,3,1,10,2,3,,,,1,1,,,,1,,,4,4,4,4,3,2,3,4,5,1,1,,,1,,1,1,,,1,,,,2,1,,,,,,5,5,,4,2,,,,,,5,4,,5,1,,,,,5,,5,6,,,1,,,,,,,4,,,5,5,2,,,,,,5,,,6,5,6,7,6,5,5,6,7,6,7,,6,2,1,
R_9mLLYOo6GI8i9pL,Default Response Set,,2015-11-18 21:35:07,2015-11-18 21:51:43,,,,,1,0,47.0,5.222222222222222,0.44095855184409843,38738,1,1,4,3,1,9,3,4,1,,,,1,,,,,,,3,2,2,2,2,2,2,2,3,,,,,,1,1,1,1,1,,,1,,3,2,,,,,,4,4,6,,3,4,,4,,4,,,,,3,,4,4,5,,,,,,,3,,4,5,,4,,,,,,,3,,5,5,5,,,,,,,5,6,5,5,5,5,5,5,6,,6,3,2,n/a
R_26gN6RNzU0HlgiH,Default Response Set,,2015-11-18 21:43:11,2015-11-18 21:51:55,,,,,1,0,46.0,5.111111111111111,0.927960727138337,62455,1,2,5,8,1,12,3,4,,,,1,,,,,1,1,Cost,5,2,2,4,4,1,2,2,2,,,,1,,,,,,,,,,,1,2,,,,,,4,4,5,,1,,,,,,4,4,,5,1,,,,,,5,,5,5,,1,,,,,,,5,5,5,,,1,,,,,,5,5,,5,,6,5,5,3,6,6,5,5,5,,6,4,1,No
R_1CgtvCOxia3ofVC,Default Response Set,,2015-11-18 21:16:52,2015-11-18 21:52:08,,,,,1,0,38.0,4.222222222222222,1.922093765778466,89155,1,1,4,6,1,9,3,4,,1,,,,,,1,1,,,2,2,1,2,2,2,4,2,3,,1,,,,1,,,1,,,,,,3,4,,,1,3,2,,,,,4,6,,4,6,,,,,,3,4,4,,6,,,,,,,3,,,,5,6,6,,,,,,3,7,,7,,6,,,,,,6,5,7,5,4,5,1,3,2,,6,2,3,no
R_uxJYhwR9L7g0UNP,Default Response Set,,2015-11-18 21:24:44,2015-11-18 21:52:15,,,,,1,0,23.0,2.5555555555555554,1.6666666666666667,69644,1,1,5,5,1,5,1,2,,,,1,1,,,,1,,,5,2,1,1,4,1,2,1,2,1,1,,,,,,1,1,,1,,,5,4,2,,,,,,5,,4,6,1,,,,,,4,4,,4,1,,,,,,5,5,,5,,3,,,5,4,4,,,,,,,3,6,5,,7,,,,,,,7,2,2,2,2,2,2,2,2,,6,3,1,Nice survey.The main thing for me is that if the Apps are useful.
R_3s5n0d24ji2zCEs,Default Response Set,,2015-11-18 21:21:18,2015-11-18 21:53:11,,,,,1,0,51.0,5.666666666666667,0.7071067811865476,30547,1,1,4,3,1,10,2,2,,1,1,,,,1,,,,,1,1,2,3,4,1,4,2,4,,,1,,,,,,,,,,,,1,3,,1,,3,1,,,,,3,,4,4,4,,,,,,2,,,,,4,,6,,,4,2,,,,,,,4,6,,,5,4,,5,,5,5,,,,,,6,5,5,5,6,6,6,7,5,,6,5,1,The details collected by the app should not be sold to the 3rd party developers.
R_1CEeQTrYkRVzIGM,Default Response Set,,2015-11-18 21:46:23,2015-11-18 21:54:05,,,,,1,0,57.0,6.333333333333333,0.5,52000,1,1,5,2,1,10,1,4,,,,1,1,,,,,,,4,5,3,2,3,2,2,3,3,1,,,1,1,1,,1,,,,,,4,2,5,,,,,,5,,5,5,2,,,,,,5,,5,5,2,,,,,,5,5,,5,,3,5,,,5,5,,,,,,,2,,,,,,5,5,,6,,6,7,6,6,7,6,6,7,6,,6,2,2,
R_51MkHa0CjQyoBBD,Default Response Set,,2015-11-18 21:25:33,2015-11-18 21:56:34,,,,,1,0,26.0,2.888888888888889,1.0540925533894598,76234,1,2,5,3,1,10,3,2,,,,1,1,,,1,,,,4,1,2,2,2,2,4,2,2,,,,,,,,,,,1,,,,3,3,,,2,3,2,,,,,5,,,,,,,4,4,5,3,5,4,,6,,,,,,,3,5,,,5,,4,,,,,,3,6,,5,,6,,,,,,4,3,5,3,3,2,2,2,2,,6,2,2,none
R_2QGv1toYk1yg049,Default Response Set,,2015-11-18 21:47:36,2015-11-18 21:58:58,,,,,1,0,45.0,5.0,0.7071067811865476,36000,1,1,4,3,1,10,1,4,,1,,1,1,,,,,,,2,4,2,3,3,3,3,2,4,1,,,,1,,,1,1,1,1,,,4,2,2,,,,,,4,4,,5,2,,,,,,4,4,,4,1,,,,,6,5,,5,,,1,,,,,,,,5,6,4,,1,,,,,,,4,4,4,,5,5,6,4,5,5,6,4,5,,6,3,3,
R_3hb6XjmI4xrBu3V,Default Response Set,,2015-11-18 21:53:30,2015-11-18 21:59:13,,,,,1,0,48.0,5.333333333333333,0.8660254037844386,34217,1,1,4,6,1,9,2,3,,1,1,,,,,,1,,,1,3,1,2,2,2,4,2,4,1,1,,,,,,,1,,1,,,,3,4,,,1,3,2,,,,,4,,5,6,,5,,,,,3,6,,6,6,,,,,,,3,,6,6,5,,,,,,,,2,,,,,,4,4,,,4,6,5,5,4,5,7,5,6,5,,6,3,2,Nothing.
R_1iaf9d78eSi1YJ4,Default Response Set,,2015-11-18 21:50:01,2015-11-18 21:59:28,,,,,1,0,53.0,5.888888888888889,1.964971020425266,86139,1,2,4,5,1,9,2,4,,,1,1,,1,,,,,,4,4,3,4,1,3,3,3,3,,1,1,1,,1,1,,,,,,1,,5,2,,,,,,5,5,,5,2,,,,,,5,,5,5,2,,,,,,,5,,5,5,1,,,,,,,5,,5,5,,2,,,,,,,5,4,5,,7,5,6,6,7,7,7,7,7,,6,2,1,The price of an app makes a difference. I'd rather spend money on an app from a 'well known' company than try a free one that monitors the same things.
R_12Pfkvvofn8wNgG,Default Response Set,,2015-11-18 21:34:05,2015-11-18 22:00:25,,,,,1,0,49.0,5.444444444444445,0.7264831572567789,17143,1,2,4,5,1,9,2,4,,1,,,1,1,,,,,,2,2,2,4,2,3,2,3,3,,,1,,,,,,,1,,,1,,2,1,,,,,,5,5,,4,2,,,,,,,5,5,5,1,,,,,5,,,6,,6,5,,,,,,,,5,5,,5,5,,,,,,,,4,6,5,6,5,5,4,6,5,6,6,6,,6,4,1,
R_5bftTUxGSUC3Dot,Default Response Set,,2015-11-18 21:55:40,2015-11-18 22:01:44,,,,,1,0,34.0,3.7777777777777777,1.922093765778466,29238,1,1,4,4,1,9,1,1,,,,1,1,1,,,,,,5,4,3,3,2,2,3,3,3,,,,,,,1,,,1,,,,5,3,3,2,,3,,2,,,,,1,,,,,,5,4,,5,2,,,,,,5,,5,4,,2,,,,,,,,4,4,,5,2,,,,,,5,,,5,5,4,4,4,2,4,2,6,7,7,,6,3,1,My primary concern is if it does what I want it to.
R_32WohyFZkQcTioL,Default Response Set,,2015-11-18 21:45:32,2015-11-18 22:02:10,,,,,1,0,56.0,6.222222222222222,1.986062547968831,87174,1,1,5,2,1,9,2,4,,1,,,1,,,1,,,,4,1,2,3,1,3,2,2,4,,,1,,1,,,,,,,,1,,1,1,,,,,,5,,5,5,2,,,,,,4,6,4,,1,,,,,5,,5,,,5,1,,,,,,,5,,5,5,,1,,,,,,,4,5,,5,6,7,7,7,7,7,7,7,7,,6,1,1,None
R_26b7UmhzYlyNvQC,Default Response Set,,2015-11-18 21:17:37,2015-11-18 22:02:58,,,,,1,0,34.0,3.7777777777777777,1.6414763002993509,28672,1,1,3,3,1,11,2,2,,,1,1,1,,,,,,,4,4,3,2,4,1,3,3,3,,,1,,1,1,,1,,1,,,1,,3,5,,,,,,,4,5,4,4,,6,5,,6,,,,,2,,,,,,,4,,4,4,3,,6,,6,,6,,,,,,3,6,,5,5,,,,,,,7,4,2,2,5,5,3,3,3,1,6,3,2,"part of me thinks we need to use things like tor and peerblockers to stay as invisible as possible online, but then again part of me doesent care about my info getting out because im a pretty good person overall."
R_1kXoMm2xS7IQ6jz,Default Response Set,,2015-11-18 21:55:36,2015-11-18 22:04:34,,,,,1,0,39.0,4.333333333333333,1.3228756555322954,31609,1,1,5,6,1,10,1,4,,,1,,,1,,,1,,,4,4,3,4,2,2,3,3,4,1,,,,,,,,1,,,,,4,2,2,,,,,,5,,6,5,2,,,,,,4,5,,5,1,,,,,5,,4,,6,,2,,,,,,,4,5,,4,,2,,,,,,5,,5,6,,6,5,5,2,3,3,5,5,5,,6,2,1,No
R_bflIUZeGZ2x9TQl,Default Response Set,,2015-11-18 21:58:43,2015-11-18 22:06:21,,,,,1,0,36.0,4.0,1.224744871391589,30788,1,1,5,3,1,10,2,4,,1,,1,1,,,,,,,4,2,2,3,2,1,3,3,4,,1,,1,1,,1,,,,,,,,2,1,,,,,,4,,5,4,3,,5,5,6,,,,,,1,,,,,5,4,,,6,,2,,,,,,,4,,5,,5,3,,,5,6,5,,,,,,5,5,5,5,3,2,3,3,5,,6,2,2,I stay away from all off-market apps so I am not teribly concerned about privacy. I disable my location setting constantly in order to save battery so that stops some location collection.
R_22xFwEfeaFgaOE1,Default Response Set,,2015-11-18 22:03:19,2015-11-18 22:08:06,,,,,1,0,30.0,3.3333333333333335,1.118033988749895,38629,1,1,4,3,1,11,2,2,,,1,1,,,,,,,,2,3,3,2,2,2,3,4,2,1,,,,1,,,1,,,,,,,3,3,2,2,2,,,,,,,3,,5,5,5,,,,,,2,,,,,,6,,,4,5,3,,,5,,4,5,,,,,,3,6,,6,,6,,,,,,2,4,3,5,2,3,5,3,3,1,6,3,3,
R_z8PUT7WCoXs99W9,Default Response Set,,2015-11-18 21:54:19,2015-11-18 22:08:55,,,,,1,0,43.0,4.777777777777778,0.44095855184409843,11372,1,2,4,6,1,9,3,4,,,,,1,1,,1,,,,2,2,2,4,2,4,2,2,4,,,,,,,1,,,,1,,,,3,4,2,1,2,,,,,,,2,,,,,,6,6,5,,2,,,,,,,5,5,,5,2,,,,,,,,,6,6,6,3,7,5,,7,,,,,,,5,5,5,5,5,5,4,5,4,,6,3,2,NOTHING!
R_Utm8Zm5h8oacjOF,Default Response Set,,2015-11-18 21:54:33,2015-11-18 22:10:19,,,,,1,0,49.0,5.444444444444445,1.8104634152000358,68588,1,1,5,6,1,10,3,4,1,,1,,,1,,,,,,4,5,2,3,1,3,2,3,4,,,1,,,1,,,,1,1,,,,2,1,,,,,,,5,6,4,1,,,,,,,4,4,5,1,,,,,5,5,,,,5,3,,,6,,5,5,,,,,,3,,6,6,7,,,,,,,7,7,6,5,6,5,6,6,7,,6,3,1,"I tend to be suspicious about apps in general so I usually default to not download an app and if I download, to implement as much privacy as possible.  Thanks for the opportunity to participate and good luck with your research."
R_1mL8zK88JQqonyE,Default Response Set,,2015-11-18 22:00:00,2015-11-18 22:10:39,,,,,1,0,49.0,5.444444444444445,0.5270462766947299,95053,1,2,4,5,1,10,2,4,,1,,1,1,,,,,,,2,3,2,2,5,2,2,2,3,,,,1,,1,,1,,1,,,,,3,3,3,,3,3,,,,,,3,6,,,6,6,,,,,2,,,,,,,4,5,4,,4,5,5,,6,,,,,,,,3,7,,,7,6,,,,,,5,6,5,5,5,5,6,6,6,,6,2,2,No
R_3KPWFeBdUGMV2HY,Default Response Set,,2015-11-18 21:35:31,2015-11-18 22:11:54,,,,,1,0,57.0,6.333333333333333,2.0,62091,1,1,4,2,1,9,3,4,,,,,1,1,,1,,,,4,2,2,4,2,2,3,3,3,,,1,,,,,,,,,,,,1,1,,,,,,5,5,5,,2,,,,,,5,,5,5,1,,,,,5,,5,5,,,1,,,,,,,5,,,5,5,2,,,,,,,5,5,,5,7,7,7,7,7,7,7,7,7,,6,2,2,
R_26lpVmvjD1hVvfk,Default Response Set,,2015-11-18 22:06:53,2015-11-18 22:12:05,,,,,1,0,57.0,6.333333333333333,2.0,58119,1,1,3,5,1,9,2,2,,,1,,1,1,,,,,,4,2,2,3,1,2,2,2,3,,,1,,1,,,1,1,1,,,,,2,1,,,,,,4,5,,4,1,,,,,,5,,5,4,1,,,,,6,,,5,6,,1,,,,,,,,4,4,4,,1,,,,,,5,,4,,5,7,7,7,7,7,7,7,7,7,,6,1,1,No other comments.
R_2Xdsu1QoRGFsfmo,Default Response Set,,2015-11-18 21:32:53,2015-11-18 22:12:47,,,,,1,0,34.0,3.7777777777777777,1.5634719199411433,18427,1,2,3,3,1,7,1,2,,,1,1,,1,,,,,,3,3,2,2,4,3,3,3,3,,,1,,,,,,,,,,,3,3,1,,,,,,,5,5,5,2,,,,,,5,5,,5,2,,,,,,5,5,,,5,1,,,,,,,,5,5,,5,2,,,,,,5,5,,,5,4,5,3,1,4,2,6,5,4,,6,5,2,n/a
R_3gT2PIOuWMxwjhr,Default Response Set,,2015-11-18 22:04:18,2015-11-18 22:18:55,,,,,1,0,37.0,4.111111111111111,1.7638342073763937,74113,1,1,4,5,1,11,3,4,1,,,1,,,,,1,,,4,2,2,3,2,1,2,2,2,1,,,1,,,,,1,,,,,,2,4,,3,3,,2,,,,,3,,6,,6,6,,,,,2,,,,,5,4,,4,,,3,,,,5,5,5,,,,,,3,7,,7,5,,,,,,,7,5,5,2,2,2,4,5,5,1,6,2,2,
R_2Ylia9qUrgsLiue,Default Response Set,,2015-11-18 22:13:14,2015-11-18 22:21:15,,,,,1,0,55.0,6.111111111111111,2.0275875100994063,20799,1,1,3,3,1,8,2,4,,,1,1,,1,,,,,,4,4,2,5,1,4,3,3,4,1,1,,,,1,1,,,,1,,,,3,1,,,,,,5,5,4,,3,6,6,,5,,,,,,1,,,,,,,5,,6,5,1,,,,,,,5,4,,5,,3,,,5,7,6,,,,,,5,7,7,7,7,7,7,7,7,,6,4,1,
R_32WmgLasgbTAGVr,Default Response Set,,2015-11-18 22:16:07,2015-11-18 22:22:05,,,,,1,0,40.0,4.444444444444445,0.8819171036881969,31797,1,2,4,2,1,12,2,4,,,,1,1,,,1,,,,4,2,2,2,4,1,3,2,3,,,1,,,,,,,1,,,1,,3,2,,,,,,4,4,5,,2,,,,,,,4,4,4,3,5,,5,5,,,,,,,1,,,,,,,6,,6,,6,2,,,,,,4,4,,4,,5,4,5,3,3,5,5,5,5,,6,3,5,
R_VVAihVoY3QqVPa1,Default Response Set,,2015-11-18 22:18:02,2015-11-18 22:28:43,,,,,1,0,45.0,5.0,0.0,70850,1,2,4,5,1,9,2,2,,1,,,,,,1,,,,5,4,4,4,4,2,3,3,3,1,,,,,,1,,,,1,,,,2,2,,,,,,,5,6,6,2,,,,,,,6,5,6,2,,,,,,6,,5,,6,2,,,,,,,,6,5,6,,2,,,,,,6,,6,6,,5,5,5,5,5,5,5,5,5,,6,5,5,
R_2anuY5goNZ6EbSC,Default Response Set,,2015-11-18 22:21:03,2015-11-18 22:29:22,,,,,1,0,47.0,5.222222222222222,0.97182531580755,71715,1,2,4,6,1,9,2,4,,,,1,1,,,,1,,,4,3,2,2,2,1,2,2,3,,1,1,,,,,,,1,,,,,3,3,3,,,3,2,,,,,3,6,,5,6,,,,,,3,,5,6,6,,,,,,,3,,5,6,,,5,,,,,,3,,,6,6,5,,,,,,7,5,5,4,4,5,5,6,6,,6,1,1,no
R_cZpDNtZ5zUgCZSV,Default Response Set,,2015-11-18 22:27:18,2015-11-18 22:45:46,,,,,1,0,57.0,6.333333333333333,2.0,32452,1,1,3,5,1,10,1,2,1,,1,,,1,,,,,,3,3,3,5,3,3,3,3,3,1,,,,1,,1,1,1,,,,,3,1,1,,,,,,5,,5,5,1,,,,,,5,,5,5,1,,,,,5,,,,5,5,1,,,,,,,,5,,5,5,1,,,,,,5,5,,,5,7,7,7,7,7,7,7,7,7,,6,3,5,
R_507CXEC9irC3Ffz,Default Response Set,,2015-11-18 22:37:54,2015-11-18 22:51:26,,,,,1,0,53.0,5.888888888888889,0.6009252125773316,59517,1,1,3,5,1,9,2,4,1,,,1,,1,,,,,,2,1,2,3,2,2,4,2,3,,1,1,,,1,,,,,,,,,3,3,2,1,,,2,,,,,2,,,,,,5,4,4,,3,6,5,,6,,,,,,,2,,,,,,,5,,4,,5,3,7,6,7,,,,,,,,6,5,6,5,6,6,7,6,6,,6,1,1,
R_27jqrkwNAf8BR13,Default Response Set,,2015-11-18 22:49:20,2015-11-18 23:03:42,,,,,1,0,48.0,5.333333333333333,1.224744871391589,53958,1,1,4,3,1,10,2,1,1,1,,1,,,,,,,,4,4,3,2,4,2,3,2,4,1,,,,,,,,,1,,,,,3,3,,,3,3,2,,,,,1,,,,,,5,,5,4,2,,,,,,4,4,,,4,2,,,,,,,4,4,,4,,1,,,,,,,,5,6,5,5,5,7,6,7,5,5,5,3,,6,3,2,I like to read the user reviews just to see what others are experiencing. Sometimes the reviewers like to complain about the silliest things that shouldn't even be considered for reviews (at least in my opinion).
R_28ChKOXlF5Tg68T,Default Response Set,,2015-11-18 23:19:54,2015-11-18 23:33:03,,,,,1,0,42.0,4.666666666666667,1.3228756555322954,53477,1,1,4,3,1,7,1,4,1,,,1,,1,,,,,,2,1,2,2,1,4,3,1,2,1,,,,,,,1,1,,,,,4,2,4,,3,3,3,,,,,,4,6,6,5,,,,,,,1,,,,,4,,4,,,5,4,,,6,,4,5,,,,,,3,,,5,5,5,,,,,,5,6,5,3,3,3,5,6,6,,6,2,2,
R_z2ugivk8y1cYCTD,Default Response Set,,2015-11-18 23:32:20,2015-11-18 23:48:21,,,,,1,0,51.0,5.666666666666667,2.0615528128088303,16979,1,1,4,3,1,10,2,4,,,,,1,1,,1,,,,4,3,3,4,2,3,2,4,3,,1,1,,1,,1,,,1,,,1,,2,1,,,,,,4,,4,5,5,,,,,,4,4,,4,2,,,,,,5,,5,6,,3,5,6,,6,,,,,,,,3,7,,,7,5,,,,,,6,7,7,4,5,7,7,7,7,,6,2,1,
